sample,seconds,tool_cpu_percent,tool_private_mib,tool_rss_mib,game_cpu_percent,game_private_mib,game_rss_mib
0.4.5-cold,0.0,,12.367188,22.089844,,,
0.4.5-cold,0.527492,5.368863,197.003906,233.609375,0.0,,
0.4.5-cold,1.046921,5.452198,242.265625,297.496094,0.0,,
0.4.5-cold,1.561881,7.206271,557.410156,653.632812,0.0,,
0.4.5-cold,2.077764,26.691149,483.875,582.160156,0.0,,
0.4.5-cold,2.59159,25.847778,486.703125,609.550781,0.0,,
0.4.5-cold,3.108189,25.330929,522.648438,673.046875,0.0,,
0.4.5-cold,3.623439,25.58682,534.382812,718.59375,0.0,,
0.4.5-cold,4.136779,26.062456,590.703125,746.308594,0.0,,
0.4.5-cold,4.652325,16.479794,583.59375,754.445312,0.0,,
0.4.5-cold,5.167619,12.887053,587.992188,770.457031,0.0,,
0.4.5-cold,5.680698,12.752356,634.484375,779.015625,0.0,,
0.4.5-cold,6.196063,17.622533,692.453125,780.148438,0.0,,
0.4.5-cold,6.710143,25.45508,707.089844,802.070312,0.0,,
0.4.5-cold,7.224308,15.00461,714.316406,812.71875,0.0,,
0.4.5-cold,7.740406,24.409422,738.246094,838.078125,0.0,,
0.4.5-cold,8.257094,25.137566,775.429688,891.800781,0.0,,
0.4.5-cold,8.772753,24.998337,949.460938,1082.980469,0.0,,
0.4.5-cold,9.30229,25.634132,1091.542969,1227.25,0.0,,
0.4.5-cold,9.819005,25.136282,1168.15625,1298.898438,0.0,,
0.4.5-cold,10.333589,25.430114,1199.277344,1335.410156,0.0,,
0.4.5-cold,10.850133,26.089879,1172.015625,1313.007812,0.0,,
0.4.5-cold,11.366513,24.585166,1195.289062,1353.878906,0.0,,
0.4.5-cold,11.87945,25.131054,1216.898438,1388.742188,0.0,,
0.4.5-cold,12.390587,26.365831,1244.65625,1403.390625,0.0,,
0.4.5-cold,12.904617,24.697624,1310.90625,1481.78125,0.0,,
0.4.5-cold,13.418972,26.960302,1332.414062,1459.804688,0.0,,
0.4.5-cold,13.933568,24.860233,1402.871094,1545.1875,0.0,,
0.4.5-cold,14.449711,25.353313,1371.800781,1490.214844,0.0,,
0.4.5-cold,14.964218,25.433935,1375.011719,1501.785156,0.0,,
0.4.5-cold,15.481317,25.684158,1394.324219,1515.746094,0.0,,
0.4.5-cold,16.00619,25.117698,1419.46875,1557.808594,0.0,,
0.4.5-cold,16.534386,25.884109,1506.664062,1651.546875,0.0,,
0.4.5-cold,17.048023,24.90661,1551.738281,1706.816406,0.0,,
0.4.5-cold,17.560056,25.747532,1567.082031,1733.632812,0.0,,
0.4.5-cold,18.074386,25.252846,1593.929688,1752.382812,0.0,,
0.4.5-cold,18.59155,26.247386,1580.574219,1689.882812,0.0,,
0.4.5-cold,19.104891,25.111261,1614.628906,1739.042969,0.0,,
0.4.5-cold,19.621524,24.762203,1644.9375,1780.355469,0.0,,
0.4.5-cold,20.137194,24.619044,1659.753906,1807.484375,0.0,,
0.4.5-cold,20.653143,25.552131,1669.453125,1814.980469,0.0,,
0.4.5-cold,21.166983,21.285801,1694.523438,1822.902344,0.0,,
0.4.5-cold,21.681252,13.862221,1666.210938,1782.539062,0.0,,
0.4.5-cold,22.19647,10.045812,1652.683594,1760.859375,0.0,,
0.4.5-cold,22.712376,6.246592,1658.308594,1772.042969,0.0,,
0.4.5-cold,23.228567,7.189081,1703.015625,1791.144531,0.0,,
0.4.5-cold,23.748994,6.192326,1601.191406,1487.171875,0.0,,
0.4.5-cold,24.267698,6.024627,2223.128906,1720.941406,0.0,,
0.4.5-cold,24.783145,5.873249,1934.671875,1978.0,0.0,,
0.4.5-cold,25.298928,6.058747,1122.789062,1173.59375,0.0,,
0.4.5-cold,25.818478,6.390746,1131.199219,1207.457031,0.0,,
0.4.5-cold,26.330888,6.479796,1157.863281,1208.914062,0.0,,
0.4.5-cold,26.845097,6.26721,1234.652344,1291.3125,0.0,,
0.4.5-cold,27.359298,6.457226,1315.320312,1379.65625,0.0,,
0.4.5-cold,27.873934,6.072252,1396.917969,1468.398438,0.0,,
0.4.5-cold,28.388692,6.639953,1434.640625,1509.898438,0.0,,
0.4.5-cold,28.902507,6.65214,1504.886719,1585.546875,0.0,,
0.4.5-cold,29.416523,6.459548,1583.453125,1671.335938,0.0,,
0.4.5-cold,29.933029,6.428417,1659.851562,1753.878906,0.0,,
0.4.5-cold,30.445544,6.097386,1741.175781,1842.355469,0.0,,
0.4.5-cold,30.957513,6.485369,1822.941406,1931.53125,0.0,,
0.4.5-cold,31.471103,6.655053,1902.988281,2017.933594,0.0,,
0.4.5-cold,31.983785,6.476366,1986.765625,2108.339844,0.0,,
0.4.5-cold,32.497559,6.842741,2001.707031,2125.519531,0.0,,
0.4.5-cold,33.011828,6.266482,2081.074219,2132.753906,0.0,,
0.4.5-cold,33.526167,7.025097,2160.492188,2219.21875,0.0,,
0.4.5-cold,34.041936,7.005617,2235.636719,2300.5,0.0,,
0.4.5-cold,34.558934,6.233397,2318.824219,2392.515625,0.0,,
0.4.5-cold,35.077683,6.777124,2397.296875,2477.347656,0.0,,
0.4.5-cold,35.592144,6.643786,2478.714844,2565.480469,0.0,,
0.4.5-cold,36.107577,6.820722,2555.0625,2647.738281,0.0,,
0.4.5-cold,36.619671,6.4838,2634.289062,2734.394531,0.0,,
0.4.5-cold,37.136618,6.800748,2702.875,2808.550781,0.0,,
0.4.5-cold,37.651835,6.444492,2706.882812,2811.734375,0.0,,
0.4.5-cold,38.166446,6.64184,2785.316406,2897.800781,0.0,,
0.4.5-cold,38.685242,6.211805,2867.3125,2986.480469,0.0,,
0.4.5-cold,39.201721,6.239668,2946.566406,2994.152344,0.0,,
0.4.5-cold,39.720307,6.402619,3029.253906,3084.890625,0.0,,
0.4.5-cold,40.239854,6.578749,3113.074219,3175.273438,0.0,,
0.4.5-cold,40.757709,6.411666,3197.210938,3267.121094,0.0,,
0.4.5-cold,41.274598,6.423652,3273.933594,3351.160156,0.0,,
0.4.5-cold,41.790308,6.43833,3357.914062,3441.648438,0.0,,
0.4.5-cold,42.306882,6.805656,3439.695312,3530.320312,0.0,,
0.4.5-cold,42.825544,6.213399,3525.003906,3622.726562,0.0,,
0.4.5-cold,43.341076,6.440558,3573.175781,3677.269531,0.0,,
0.4.5-cold,43.856357,6.254175,3587.910156,3691.226562,0.0,,
0.4.5-cold,44.373488,6.798321,3667.183594,3778.199219,0.0,,
0.4.5-cold,44.891474,6.598574,3751.140625,3867.539062,0.0,,
0.4.5-cold,45.406611,6.255921,3833.019531,3878.347656,0.0,,
0.4.5-cold,45.92132,6.450863,3916.347656,3969.5,0.0,,
0.4.5-cold,46.433641,6.290306,3996.765625,4057.636719,0.0,,
0.4.5-cold,46.948183,6.832523,4081.808594,4149.179688,0.0,,
0.4.5-cold,47.463388,6.634199,4161.445312,4236.0625,0.0,,
0.4.5-cold,47.979706,6.619888,4242.421875,4323.765625,0.0,,
0.4.5-cold,48.494841,6.635097,4322.363281,4410.78125,0.0,,
0.4.5-cold,49.007247,6.098676,4402.53125,4497.980469,0.0,,
0.4.5-cold,49.522103,7.018049,4486.589844,4588.726562,0.0,,
0.4.5-cold,50.037147,6.257044,4566.699219,4675.253906,0.0,,
0.4.5-cold,50.552047,6.638127,4647.652344,4763.816406,0.0,,
0.4.5-cold,51.069211,6.797893,4670.945312,4788.789062,0.0,,
0.4.5-cold,51.583015,6.462215,4686.628906,4727.898438,0.0,,
0.4.5-cold,52.097932,6.448247,4773.644531,4822.050781,0.0,,
0.4.5-cold,52.611349,6.276879,4851.378906,4906.980469,0.0,,
0.4.5-cold,53.125809,7.21327,4933.703125,4996.25,0.0,,
0.4.5-cold,53.641219,6.442073,5015.910156,5086.15625,0.0,,
0.4.5-cold,54.156093,6.259115,5097.332031,5173.367188,0.0,,
0.4.5-cold,54.670797,6.450924,5176.765625,5260.65625,0.0,,
0.4.5-cold,55.188498,6.602201,5259.144531,5349.894531,0.0,,
0.4.5-cold,55.702443,6.650463,5339.546875,5436.226562,0.0,,
0.4.5-cold,56.216324,6.841323,5422.476562,5527.128906,0.0,,
0.4.5-cold,56.731188,6.259231,5505.273438,5616.226562,0.0,,
0.4.5-cold,57.249994,6.211678,5585.871094,5625.363281,0.0,,
0.4.5-cold,57.763587,6.464877,5664.25,5711.351562,0.0,,
0.4.5-cold,58.278847,6.823002,5746.023438,5800.945312,0.0,,
0.4.5-cold,58.795538,6.804127,5828.277344,5890.171875,0.0,,
0.4.5-cold,59.313783,5.464653,5906.585938,5974.082031,0.0,,
0.4.5-cold,59.827396,6.464622,5981.710938,6055.832031,0.0,,
0.4.5-cold,60.341799,6.45469,6043.414062,6123.570312,0.0,,
0.4.5-cold,60.857453,6.628418,6043.414062,6123.570312,0.0,,
0.4.5-cold,61.370955,6.466013,6070.8125,6153.363281,0.0,,
0.4.5-cold,61.884556,6.654909,6151.386719,6241.28125,0.0,,
0.4.5-cold,62.399632,6.446261,6230.113281,6326.820312,0.0,,
0.4.5-cold,62.915383,6.248474,6314.355469,6417.042969,0.0,,
0.4.5-cold,63.430755,6.63203,6392.3125,6502.425781,0.0,,
0.4.5-cold,63.942843,6.293177,6473.644531,6512.105469,0.0,,
0.4.5-cold,64.458871,6.434364,6556.449219,6603.703125,0.0,,
0.4.5-cold,64.9738,6.637741,6635.890625,6688.5,0.0,,
0.4.5-cold,65.488143,6.645318,6716.132812,6775.476562,0.0,,
0.4.5-cold,66.004095,6.246034,6798.871094,6864.523438,0.0,,
0.4.5-cold,66.515308,6.494969,6878.183594,6951.554688,0.0,,
0.4.5-cold,67.031072,6.437662,6960.847656,7041.324219,0.0,,
0.4.5-cold,67.547813,6.236504,7042.359375,7130.0625,0.0,,
0.4.5-cold,68.061243,6.466923,7120.882812,7214.554688,0.0,,
0.4.5-cold,68.575013,6.462636,7199.96875,7300.398438,0.0,,
0.4.5-cold,69.088357,6.468006,7278.300781,7385.984375,0.0,,
0.4.5-cold,69.602149,6.462372,7359.761719,7395.191406,0.0,,
0.4.5-cold,70.116065,6.460809,7438.535156,7481.089844,0.0,,
0.4.5-cold,70.629695,6.464399,7518.101562,7568.246094,0.0,,
0.4.5-cold,71.145211,6.251329,7601.257812,7659.15625,0.0,,
0.4.5-cold,71.658474,6.659285,7682.65625,7747.949219,0.0,,
0.4.5-cold,72.171836,6.658021,7752.847656,7821.746094,0.0,,
0.4.5-cold,72.686144,6.266,7752.847656,7821.746094,0.0,,
0.4.5-cold,73.200553,6.644459,7752.847656,7821.746094,0.0,,
0.4.5-cold,73.714411,6.46154,7812.121094,7887.261719,0.0,,
0.4.5-cold,74.230804,6.618927,7893.589844,7975.554688,0.0,,
0.4.5-cold,74.748565,6.412822,7976.121094,8064.777344,0.0,,
0.4.5-cold,75.26875,6.570679,8057.308594,8153.15625,0.0,,
0.4.5-cold,75.784679,7.003455,8137.425781,8240.480469,0.0,,
0.4.5-cold,76.297573,6.473672,8218.273438,8326.964844,0.0,,
0.4.5-cold,76.809729,6.483015,8235.933594,8267.71875,0.0,,
0.4.5-cold,77.324989,6.823008,8235.933594,8267.71875,0.0,,
0.4.5-cold,77.839801,6.639257,8235.933594,8267.832031,0.0,,
0.4.5-cold,78.358725,6.39846,8235.933594,8268.050781,0.0,,
0.4.5-cold,78.874579,6.247225,8235.933594,8268.164062,0.0,,
0.4.5-cold,79.390358,6.248136,8235.933594,8268.316406,0.0,,
0.4.5-cold,79.904496,6.647961,7610.886719,7643.753906,0.0,,
0.4.5-cold,80.423167,6.401576,6164.703125,6192.257812,0.0,,
0.4.5-cold,80.940091,6.423211,4600.390625,4637.929688,0.0,,
0.4.5-cold,81.454764,6.451299,3091.328125,3127.90625,0.0,,
0.4.5-cold,81.969344,6.07292,1646.6875,1688.929688,0.0,,
0.4.5-cold,82.482601,6.659371,1933.570312,1914.839844,0.0,,
0.4.5-cold,82.996497,6.461052,2306.734375,2143.332031,0.0,,
0.4.5-cold,83.511003,5.504379,2500.59375,2542.578125,0.0,,
0.4.5-cold,84.026362,6.253225,1645.933594,1690.539062,0.0,,
0.4.5-cold,84.543493,6.231799,1678.105469,1722.644531,0.0,,
0.4.5-cold,85.060601,6.420924,1648.714844,1693.335938,0.0,,
0.4.5-cold,85.574895,7.025714,1648.714844,1693.335938,0.0,,
0.4.5-cold,86.085052,6.125562,1649.074219,1693.730469,0.0,,
0.4.5-cold,86.601343,6.431094,1649.605469,1694.273438,0.0,,
0.4.5-cold,87.120424,6.960909,1654.851562,1699.480469,0.0,,
0.4.5-cold,87.634659,6.266894,1646.503906,1692.570312,0.0,,
0.4.5-cold,88.150893,6.999308,1653.859375,1699.902344,0.0,,
0.4.5-cold,88.666056,6.255614,1663.074219,1709.097656,0.0,,
0.4.5-cold,89.185975,6.386204,1653.410156,1700.054688,0.0,,
0.4.5-cold,89.703952,6.221629,1639.757812,1686.875,0.0,,
0.4.5-cold,90.217427,6.656538,1647.109375,1694.230469,0.0,,
0.4.5-cold,90.731396,6.840157,1647.605469,1694.796875,0.0,,
0.4.5-cold,91.248214,6.235573,1655.402344,1702.070312,0.0,,
0.4.5-cold,91.766781,6.591173,1669.136719,1741.375,0.0,,
0.4.5-cold,92.279989,6.469727,1674.132812,1762.605469,0.0,,
0.4.5-cold,92.796274,6.620311,1674.140625,1769.859375,0.0,,
0.4.5-cold,93.315461,6.019027,1676.964844,1780.675781,0.0,,
0.4.5-cold,93.835462,6.385194,1680.648438,1792.855469,0.0,,
0.4.5-cold,94.349468,6.45968,1663.429688,1785.835938,0.0,,
0.4.5-cold,94.867536,6.409035,1673.800781,1798.425781,0.0,,
0.4.5-cold,95.382175,6.831236,1678.175781,1802.757812,0.0,,
0.4.5-cold,95.89151,6.327193,1678.558594,1803.019531,0.0,,
0.4.5-cold,96.405368,6.461529,1681.070312,1805.335938,0.0,,
0.4.5-cold,96.921479,6.244116,1682.363281,1806.449219,0.0,,
0.4.5-cold,97.43916,6.413818,1685.976562,1809.3125,0.0,,
0.4.5-cold,97.957247,6.408797,1690.589844,1813.445312,0.0,,
0.4.5-cold,98.473633,6.619016,1692.128906,1814.976562,0.0,,
0.4.5-cold,98.991062,6.794409,1650.757812,1774.445312,0.0,,
0.4.5-cold,99.509176,6.408467,1729.921875,1852.648438,0.0,,
0.4.5-cold,100.028325,6.583789,1753.375,1881.078125,0.0,,
0.4.5-cold,100.541981,6.654194,1754.160156,1889.648438,0.0,,
0.4.5-cold,101.060897,6.39856,1752.101562,1890.113281,0.0,,
0.4.5-cold,101.57635,6.44154,1753.632812,1895.683594,0.0,,
0.4.5-cold,102.090435,6.64865,1752.125,1901.285156,0.0,,
0.4.5-cold,102.604968,6.073458,1753.117188,1909.460938,0.0,,
0.4.5-cold,103.119628,6.641229,1754.707031,1917.675781,0.0,,
0.4.5-cold,103.633021,6.27717,1753.117188,1879.695312,0.0,,
0.4.5-cold,104.152506,6.955505,1753.933594,1887.3125,0.0,,
0.4.5-cold,104.669227,6.236743,1753.933594,1894.449219,0.0,,
0.4.5-cold,105.182854,6.654576,1756.359375,1904.429688,0.0,,
0.4.5-cold,105.69585,6.472388,1755.605469,1910.097656,0.0,,
0.4.5-cold,106.209717,6.271384,1755.496094,1917.546875,0.0,,
0.4.5-cold,106.72386,6.647893,1755.488281,1879.164062,0.0,,
0.4.5-cold,107.23731,6.276474,1753.933594,1879.429688,0.0,,
0.4.5-cold,107.754521,6.797283,1753.933594,1886.253906,0.0,,
0.4.5-cold,108.271715,6.419859,1753.933594,1893.253906,0.0,,
0.4.5-cold,108.787577,6.247119,1756.367188,1904.546875,0.0,,
0.4.5-cold,109.300544,6.472769,1755.609375,1910.121094,0.0,,
0.4.5-cold,109.813409,6.283631,1753.933594,1913.609375,0.0,,
0.4.5-cold,110.327837,6.644216,1753.9375,1878.683594,0.0,,
0.4.5-cold,110.841544,6.463429,1753.9375,1885.148438,0.0,,
0.4.5-cold,111.357804,6.620633,1753.9375,1891.96875,0.0,,
0.4.5-cold,111.874199,6.808014,1753.9375,1898.867188,0.0,,
0.4.5-cold,112.387137,6.282744,1754.753906,1905.449219,0.0,,
0.4.5-cold,112.905443,6.782915,1754.753906,1906.375,0.0,,
0.4.5-cold,113.422129,6.615181,1754.753906,1912.984375,0.0,,
0.4.5-cold,113.939678,6.226761,1756.308594,1879.832031,0.0,,
0.4.5-cold,114.455337,6.817734,1754.753906,1884.914062,0.0,,
0.4.5-cold,114.969749,6.454582,1754.753906,1891.363281,0.0,,
0.4.5-cold,115.484682,6.63769,1754.753906,1898.621094,0.0,,
0.4.5-cold,116.000268,6.250478,1754.753906,1905.128906,0.0,,
0.4.5-cold,116.51104,6.691765,1755.722656,1912.914062,0.0,,
0.4.5-cold,117.026242,5.876036,1755.722656,1919.578125,0.0,,
0.4.5-cold,117.546439,6.570524,1757.796875,1887.179688,0.0,,
0.4.5-cold,118.061463,6.636523,1757.761719,1894.0,0.0,,
0.4.5-cold,118.57498,6.275659,1757.761719,1894.0,0.0,,
0.4.5-cold,119.091415,6.618386,1757.246094,1899.785156,0.0,,
0.4.5-cold,119.605195,6.462523,1758.164062,1906.6875,0.0,,
0.4.5-cold,120.120768,6.818867,1757.402344,1912.308594,0.0,,
0.4.5-cold,120.639577,6.588102,1758.21875,1920.761719,0.0,,
0.4.5-cold,121.154281,6.450921,1756.628906,1881.941406,0.0,,
0.4.5-cold,121.674208,6.761772,1756.628906,1888.976562,0.0,,
0.4.5-cold,122.192864,6.401755,1756.628906,1895.828125,0.0,,
0.4.5-cold,122.710071,6.419704,1756.628906,1902.644531,0.0,,
0.4.5-cold,123.231444,6.555698,1757.597656,1910.785156,0.0,,
0.4.5-cold,123.751628,6.382964,1757.597656,1917.21875,0.0,,
0.4.5-cold,124.27203,6.567937,1757.597656,1921.367188,0.0,,
0.4.5-cold,124.793108,6.559424,1759.152344,1882.773438,0.0,,
0.4.5-cold,125.30976,6.237568,1757.601562,1887.84375,0.0,,
0.4.5-cold,125.82665,6.423637,1757.601562,1894.605469,0.0,,
0.4.5-cold,126.340852,6.077376,1757.601562,1901.347656,0.0,,
0.4.5-cold,126.85713,6.809565,1757.601562,1908.09375,0.0,,
0.4.5-cold,127.372911,6.437449,1758.855469,1916.136719,0.0,,
0.4.5-cold,127.89062,6.413471,1758.855469,1922.804688,0.0,,
0.4.5-cold,128.410016,6.580654,1690.148438,1814.929688,0.0,,
0.4.5-cold,128.926995,6.233638,1691.96875,1823.457031,0.0,,
0.4.5-cold,129.442692,6.438494,1693.996094,1827.457031,0.0,,
0.4.5-cold,129.961568,6.775467,1693.207031,1830.304688,0.0,,
0.4.5-cold,130.476609,6.257077,1657.964844,1703.71875,0.0,,
0.4.5-cold,130.991316,6.07142,1668.136719,1713.777344,0.0,,
0.4.5-cold,131.504906,6.274766,1675.828125,1721.347656,0.0,,
0.4.5-cold,132.019418,6.453322,1682.546875,1727.628906,0.0,,
0.4.5-cold,132.534212,6.449785,1684.679688,1730.570312,0.0,,
0.4.5-cold,133.049023,6.828964,1684.679688,1730.574219,0.0,,
0.4.5-cold,133.566764,6.413081,1734.289062,1779.132812,0.0,,
0.4.5-cold,134.077471,6.501405,1740.320312,1785.855469,0.0,,
0.4.5-cold,134.59632,6.587593,1745.375,1790.902344,0.0,,
0.4.5-cold,135.106152,6.321022,1745.375,1790.929688,0.0,,
0.4.5-cold,135.620283,6.458098,1753.976562,1799.53125,0.0,,
0.4.5-cold,136.133317,6.471913,1752.886719,1798.777344,0.0,,
0.4.5-cold,136.643604,6.315384,1872.964844,1916.433594,0.0,,
0.4.5-cold,137.15698,6.467601,2476.359375,2269.800781,0.0,,
0.4.5-cold,137.672115,5.687228,1762.210938,1807.984375,0.0,,
0.4.5-cold,138.185805,6.653755,1774.832031,1819.273438,0.0,,
0.4.5-cold,138.700737,6.448058,1798.191406,1842.3125,0.0,,
0.4.5-cold,139.214098,6.467793,1807.03125,1847.828125,0.0,,
0.4.5-cold,139.732151,6.40921,1855.191406,1896.535156,0.0,,
0.4.5-cold,140.244057,7.440029,1922.140625,1963.085938,0.0,,
0.4.5-cold,140.761115,6.610419,1971.148438,2011.277344,0.0,,
0.4.5-cold,141.276435,6.822216,2057.140625,2096.292969,0.0,,
0.4.5-cold,141.790214,6.272462,2093.191406,2132.136719,0.0,,
0.4.5-cold,142.304917,7.209859,2119.121094,2157.605469,0.0,,
0.4.5-cold,142.820751,6.436787,2139.527344,2176.636719,0.0,,
0.4.5-cold,143.336359,6.439606,2163.976562,2201.714844,0.0,,
0.4.5-cold,143.85423,6.411464,2183.800781,2217.042969,0.0,,
0.4.5-cold,144.369466,6.633796,2221.25,2251.769531,0.0,,
0.4.5-cold,144.888014,6.403088,2237.980469,2268.207031,0.0,,
0.4.5-cold,145.404789,6.425063,2278.484375,2309.226562,0.0,,
0.4.5-cold,145.91958,6.070428,2296.070312,2317.953125,0.0,,
0.4.5-cold,146.430025,5.356849,2034.320312,2071.859375,0.0,,
0.4.5-cold,146.942142,6.674189,1994.652344,2032.230469,0.0,,
0.4.5-cold,147.454748,0.190509,222.023438,255.269531,0.0,,
0.4.5-cold,147.963149,0.38417,222.023438,255.269531,0.0,,
0.4.5-cold,148.475014,0.0,222.023438,255.269531,0.0,,
0.4.5-cold,148.991731,0.188994,222.023438,255.269531,0.0,,
0.4.5-cold,149.508429,0.189,222.023438,255.269531,0.0,,
0.4.5-cold,150.027184,0.753005,222.023438,255.269531,0.0,,
0.4.5-cold,150.536341,0.0,222.023438,255.269531,0.0,,
0.4.5-cold,151.049785,0.190198,222.023438,255.269531,0.0,,
0.4.5-cold,151.563562,0.380151,222.023438,255.269531,0.0,,
0.4.5-cold,152.078054,0.189811,222.023438,255.269531,0.0,,
0.4.5-cold,152.592534,0.189816,222.023438,255.269531,0.0,,
0.4.5-cold,153.106673,0.569823,222.023438,255.269531,0.0,,
0.4.5-cold,153.620795,0.379895,222.023438,255.269531,0.0,,
0.4.5-cold,154.135352,0.569361,222.023438,255.269531,0.0,,
0.4.5-cold,154.648564,0.190284,222.023438,255.269531,0.0,,
0.4.5-cold,155.16292,0.189862,222.023438,255.269531,0.0,,
0.4.5-cold,155.676125,0.380574,222.023438,255.269531,0.0,,
0.4.5-cold,156.188549,0.381154,222.023438,255.269531,0.0,,
0.4.5-cold,156.699882,0.0,222.023438,255.269531,0.0,,
0.4.5-cold,157.213947,0.379937,222.023438,255.269531,0.0,,
0.4.5-cold,157.727489,0.190162,222.023438,255.269531,0.0,,
0.4.5-cold,158.240697,0.380572,222.023438,255.269531,0.0,,
0.4.5-cold,158.755642,0.758576,222.023438,255.269531,0.0,,
0.4.5-cold,159.269901,0.0,222.023438,255.269531,0.0,,
0.4.5-cold,159.783594,0.190106,222.023438,255.269531,0.0,,
0.4.5-cold,160.327022,0.539112,222.023438,255.269531,0.0,,
0.4.5-cold,160.842025,0.568867,222.023438,255.269531,0.0,,
0.4.5-cold,161.35618,0.379871,222.023438,255.269531,0.0,,
0.4.5-cold,161.865536,0.0,222.023438,255.269531,0.0,,
0.4.5-cold,162.377063,0.381823,222.023438,253.71875,0.0,,
0.4.5-cold,162.888607,0.381809,222.023438,253.71875,0.0,,
0.4.5-cold,163.401817,0.380571,222.023438,251.390625,0.0,,
0.4.5-cold,163.912846,0.382195,222.023438,251.390625,0.0,,
0.4.5-cold,164.427146,0.0,222.023438,251.390625,0.0,,
0.4.5-cold,164.938555,0.190956,222.023438,251.390625,0.0,,
0.4.5-cold,165.449894,0.190981,222.023438,251.390625,0.0,,
0.4.5-cold,165.963099,0.761147,222.023438,251.390625,0.0,,
0.4.5-cold,166.473707,0.38251,222.023438,251.390625,0.0,,
0.4.5-cold,166.984281,0.382535,222.023438,251.390625,0.0,,
0.4.5-cold,167.497016,0.380923,222.023438,251.390625,0.0,,
0.4.5-cold,168.010753,0.0,222.023438,251.390625,0.0,,
0.4.5-cold,168.524219,0.570571,222.023438,251.390625,0.0,,
0.4.5-cold,169.036536,0.381233,222.023438,251.390625,0.0,,
0.4.5-cold,169.550063,0.190168,222.023438,250.980469,0.0,,
0.4.5-cold,170.064145,0.379925,222.023438,250.980469,0.0,,
0.4.5-cold,170.574525,0.19134,222.023438,250.980469,0.0,,
0.4.5-cold,171.088242,0.190097,222.023438,250.980469,0.0,,
0.4.5-cold,171.601915,0.190114,222.023438,250.980469,0.0,,
0.4.5-cold,172.116397,0.37963,222.023438,250.085938,0.0,,
0.4.5-cold,172.629825,0.190204,222.023438,250.085938,0.0,,
0.4.5-cold,173.144637,0.189693,222.027344,250.089844,0.0,,
0.4.5-cold,173.659332,0.379473,222.027344,250.089844,0.0,,
0.4.5-cold,174.170669,0.381964,222.027344,250.089844,0.0,,
0.4.5-cold,174.683729,0.0,222.027344,250.089844,0.0,,
0.4.5-cold,175.195367,0.19087,222.027344,250.089844,0.0,,
0.4.5-cold,175.707377,0.190731,222.027344,250.089844,0.0,,
0.4.5-cold,176.220563,0.190294,222.027344,250.089844,0.0,,
0.4.5-cold,176.732171,0.190881,222.027344,250.089844,0.0,,
0.4.5-cold,177.243701,0.0,222.027344,248.125,0.0,,
0.4.5-cold,177.75628,0.571558,222.027344,248.125,0.0,,
0.4.5-cold,178.267444,0.0,222.027344,245.660156,0.0,,
0.4.5-cold,178.778374,0.191134,222.027344,245.660156,0.0,,
0.4.5-cold,179.290607,0.381296,222.027344,243.234375,0.0,,
0.4.5-cold,179.811425,0.0,222.027344,243.234375,0.0,,
0.4.5-cold,180.327529,0.756874,222.027344,240.832031,0.0,,
0.4.5-cold,180.837348,0.191551,222.027344,240.832031,0.0,,
0.4.5-cold,181.348622,0.382012,222.027344,238.4375,0.0,,
0.4.5-cold,181.859824,0.382065,222.027344,238.4375,0.0,,
0.4.5-cold,182.372417,0.381029,222.027344,236.085938,0.0,,
0.4.5-cold,182.884082,0.19086,222.027344,236.085938,0.0,,
0.4.5-cold,183.397268,0.0,222.027344,233.800781,0.0,,
0.4.5-cold,183.909454,0.762662,222.027344,233.800781,0.0,,
0.4.5-cold,184.421079,0.381749,222.054688,231.507812,0.0,,
0.4.5-cold,184.933468,0.38118,222.054688,231.507812,0.0,,
0.4.5-cold,185.445438,0.190746,222.054688,231.507812,0.0,,
0.4.5-cold,185.957253,0.190804,222.054688,231.507812,0.0,,
0.4.5-cold,186.46565,0.192087,222.054688,231.507812,0.0,,
0.4.5-cold,186.979541,0.5701,222.023438,231.496094,0.0,,
0.4.5-cold,187.489449,0.0,222.023438,231.496094,0.0,,
0.4.5-cold,187.999515,0.191458,222.023438,231.496094,0.0,,
0.4.5-cold,188.51461,0.189589,222.023438,231.496094,0.0,,
0.4.5-cold,189.027502,0.571209,222.023438,231.496094,0.0,,
0.4.5-cold,189.541517,0.189987,222.023438,231.496094,0.0,,
0.4.5-cold,190.055359,0.190051,222.023438,231.496094,0.0,,
0.4.5-cold,190.569096,0.19009,222.023438,231.496094,0.0,,
0.4.5-cold,191.082533,0.190201,222.023438,231.496094,0.0,,
0.4.5-cold,191.592841,0.574102,222.023438,231.496094,0.0,,
0.4.5-cold,192.105741,0.380801,222.023438,231.496094,0.0,,
0.4.5-cold,192.617866,0.0,222.023438,231.496094,0.0,,
0.4.5-cold,193.130177,0.190619,222.023438,231.496094,0.0,,
0.4.5-cold,193.6439,0.0,222.023438,231.496094,0.0,,
0.4.5-cold,194.158733,0.569056,222.023438,231.496094,0.0,,
0.4.5-cold,194.669241,0.191292,222.023438,231.496094,0.0,,
0.4.5-cold,195.181363,0.19069,222.023438,231.496094,0.0,,
0.4.5-cold,195.694147,0.380887,222.023438,231.496094,0.0,,
0.4.5-cold,196.205281,0.191058,222.023438,231.496094,0.0,,
0.4.5-cold,196.72898,0.186474,222.023438,231.496094,0.0,,
0.4.5-cold,197.239713,0.573624,222.023438,231.496094,0.0,,
0.4.5-cold,197.753713,0.0,222.023438,231.496094,0.0,,
0.4.5-cold,198.265707,0.572211,222.023438,231.496094,0.0,,
0.4.5-cold,198.778346,0.571491,222.023438,231.496094,0.0,,
0.4.5-cold,199.288975,0.191247,222.023438,231.496094,0.0,,
0.4.5-cold,199.801816,0.0,222.023438,231.496094,0.0,,
0.4.5-cold,200.3167,0.0,222.023438,231.496094,0.0,,
0.4.5-cold,200.82912,0.381157,222.023438,231.496094,0.0,,
0.4.5-cold,201.341048,0.381524,222.023438,231.496094,0.0,,
0.4.5-cold,201.851889,0.0,222.023438,231.496094,0.0,,
0.4.5-cold,202.364347,0.381128,222.023438,231.496094,0.0,,
0.4.5-cold,202.876457,0.381388,222.023438,231.496094,0.0,,
0.4.5-cold,203.387854,0.0,222.023438,231.496094,0.0,,
0.4.5-cold,203.900514,0.952447,222.023438,231.496094,0.0,,
0.4.5-cold,204.412672,0.381352,222.023438,231.496094,0.0,,
0.4.5-cold,204.925434,0.380903,222.023438,231.496094,0.0,,
0.4.5-cold,205.439601,0.759724,222.023438,231.496094,0.0,,
0.4.5-cold,205.954825,0.0,222.023438,231.496094,0.0,,
0.4.5-cold,206.469122,0.189883,222.023438,231.269531,0.0,,
0.4.5-cold,206.982856,0.380182,222.023438,231.269531,0.0,,
0.4.5-cold,207.49622,0.0,222.023438,231.269531,0.0,,
0.4.5-cold,208.010114,0.380064,222.023438,231.269531,0.0,,
0.4.5-cold,208.523121,0.0,222.023438,231.269531,0.0,,
0.4.5-cold,209.037345,0.37982,222.023438,231.269531,0.0,,
0.4.5-cold,209.554759,0.0,222.023438,231.269531,0.0,,
0.4.5-cold,210.072623,0.7543,222.023438,231.269531,0.0,,
0.4.5-cold,210.587384,0.0,222.023438,231.269531,0.0,,
0.4.5-cold,211.101916,0.379592,222.023438,231.269531,0.0,,
0.4.5-cold,211.614276,0.190601,222.023438,231.269531,0.0,,
0.4.5-cold,212.125226,0.191127,222.023438,231.269531,0.0,,
0.4.5-cold,212.637299,0.0,222.023438,231.269531,0.0,,
0.4.5-cold,213.148964,0.19086,222.023438,231.269531,0.0,,
0.4.5-cold,213.663617,0.189752,222.023438,231.269531,0.0,,
0.4.5-cold,214.177272,0.380241,222.023438,231.269531,0.0,,
0.4.5-cold,214.691998,0.189725,222.023438,231.269531,0.0,,
0.4.5-cold,215.202964,0.191121,222.023438,231.269531,0.0,,
0.4.5-cold,215.715721,0.380907,222.023438,231.269531,0.0,,
0.4.5-cold,216.229685,0.570017,222.023438,231.269531,0.0,,
0.4.5-cold,216.740633,0.955639,222.027344,231.273438,0.0,,
0.4.5-cold,217.253036,0.381169,222.027344,231.273438,0.0,,
0.4.5-cold,217.76284,0.957782,222.027344,231.273438,0.0,,
0.4.5-cold,218.274407,1.145378,222.027344,231.273438,0.0,,
0.4.5-cold,218.78343,0.383701,222.027344,231.273438,0.0,,
0.4.5-cold,219.296643,0.0,222.027344,231.273438,0.0,,
0.4.5-cold,219.809873,0.380555,222.027344,231.273438,0.0,,
0.4.5-cold,220.32509,0.0,222.027344,231.273438,0.0,,
0.4.5-cold,220.837281,0.571991,222.027344,231.273438,0.0,,
0.4.5-cold,221.349311,0.0,222.027344,231.273438,0.0,,
0.4.5-cold,221.861171,0.190787,222.027344,231.273438,0.0,,
0.4.5-cold,222.376663,0.568328,222.027344,231.273438,0.0,,
0.4.5-cold,222.888764,0.190697,222.027344,231.273438,0.0,,
0.4.5-cold,223.401348,0.190518,222.027344,231.273438,0.0,,
0.4.5-cold,223.914291,0.190384,222.027344,231.273438,0.0,,
0.4.5-cold,224.425537,0.382032,222.027344,231.273438,0.0,,
0.4.5-cold,224.939995,0.0,222.027344,231.273438,0.0,,
0.4.5-cold,225.456171,0.189192,222.027344,231.273438,0.0,,
0.4.5-cold,225.968694,0.19054,222.027344,231.273438,0.0,,
0.4.5-cold,226.479346,0.573715,222.027344,231.273438,0.0,,
0.4.5-cold,226.992206,0.76166,222.027344,231.273438,0.0,,
0.4.5-cold,227.505552,0.0,222.027344,231.273438,0.0,,
0.4.5-cold,228.020247,0.189736,222.027344,231.273438,0.0,,
0.4.5-cold,228.533716,0.380379,222.027344,231.273438,0.0,,
0.4.5-cold,229.045031,0.0,222.027344,231.273438,0.0,,
0.4.5-cold,229.558657,0.570394,222.027344,231.273438,0.0,,
0.4.5-cold,230.07201,0.190232,222.027344,231.273438,0.0,,
0.4.5-cold,230.584549,0.190534,222.027344,231.273438,0.0,,
0.4.5-cold,231.100227,0.189374,222.027344,231.273438,0.0,,
0.4.5-cold,231.614776,0.0,222.027344,231.273438,0.0,,
0.4.5-cold,232.128281,0.380352,222.027344,231.273438,0.0,,
0.4.5-cold,232.641963,0.0,222.027344,231.273438,0.0,,
0.4.5-cold,233.152915,0.382252,222.027344,231.273438,0.0,,
0.4.5-cold,233.664258,0.19098,222.027344,231.273438,0.0,,
0.4.5-cold,234.176707,0.190568,222.027344,231.273438,0.0,,
0.4.5-cold,234.689942,0.380552,222.027344,231.273438,0.0,,
0.4.5-cold,235.202687,0.190458,222.027344,231.273438,0.0,,
0.4.5-cold,235.715005,0.190616,222.027344,231.273438,0.0,,
0.4.5-cold,236.229899,0.379326,222.027344,231.273438,0.0,,
0.4.5-cold,236.740685,0.0,222.027344,231.273438,0.0,,
0.4.5-cold,237.252516,0.190798,222.027344,231.273438,0.0,,
0.4.5-cold,237.765414,0.380802,222.027344,231.273438,0.0,,
0.4.5-cold,238.276808,0.190961,222.027344,231.273438,0.0,,
0.4.5-cold,238.788837,0.572173,222.027344,231.273438,0.0,,
0.4.5-cold,239.300995,0.381352,222.027344,231.273438,0.0,,
0.4.5-cold,239.814962,0.190005,222.027344,231.273438,0.0,,
0.4.5-cold,240.327363,0.381171,222.027344,231.273438,0.0,,
0.4.5-cold,240.837808,0.382632,222.027344,231.273438,0.0,,
0.4.5-cold,241.349549,0.190832,222.027344,231.273438,0.0,,
0.4.5-cold,241.862706,0.190305,222.027344,231.273438,0.0,,
0.4.5-cold,242.377417,0.0,222.027344,231.277344,0.0,,
0.4.5-cold,242.889904,0.381107,222.027344,231.277344,0.0,,
0.4.5-cold,243.40234,0.381145,222.027344,231.277344,0.0,,
0.4.5-cold,243.915659,0.38049,222.027344,231.277344,0.0,,
0.4.5-cold,244.426226,0.19127,222.027344,231.277344,0.0,,
0.4.5-cold,244.935613,0.383427,222.027344,231.277344,0.0,,
0.4.5-cold,245.445627,0.191477,222.027344,231.277344,0.0,,
0.4.5-cold,245.961707,0.0,222.027344,231.277344,0.0,,
0.4.5-cold,246.473717,0.190731,222.027344,231.277344,0.0,,
0.4.5-cold,246.986925,0.190286,222.027344,231.277344,0.0,,
0.4.5-cold,247.495565,0.191995,222.027344,231.277344,0.0,,
0.4.5-cold,248.006846,0.191003,222.027344,231.277344,0.0,,
0.4.5-cold,248.519111,0.0,222.027344,231.277344,0.0,,
0.4.5-cold,249.033687,0.37956,222.027344,231.277344,0.0,,
0.4.5-cold,249.544868,0.382081,222.027344,231.277344,0.0,,
0.4.5-cold,250.061539,0.756041,222.027344,231.277344,0.0,,
0.4.5-cold,250.574828,0.190256,222.027344,231.277344,0.0,,
0.4.5-cold,251.087864,0.19035,222.027344,231.277344,0.0,,
0.4.5-cold,251.602927,0.379201,222.027344,231.277344,0.0,,
0.4.5-cold,252.11697,0.379954,222.027344,231.277344,0.0,,
0.4.5-cold,252.631159,0.189923,222.027344,231.277344,0.0,,
0.4.5-cold,253.142721,0.190898,222.027344,231.277344,0.0,,
0.4.5-cold,253.65706,0.189868,222.027344,231.277344,0.0,,
0.4.5-cold,254.171141,1.139777,222.027344,231.277344,0.0,,
0.4.5-cold,254.683989,0.19042,222.027344,231.277344,0.0,,
0.4.5-cold,255.194121,0.191433,222.027344,231.277344,0.0,,
0.4.5-cold,255.706099,0.381486,222.027344,231.277344,0.0,,
0.4.5-cold,256.219028,0.380779,222.027344,231.277344,0.0,,
0.4.5-cold,256.731655,0.190502,222.027344,231.277344,0.0,,
0.4.5-cold,257.247733,0.189228,222.027344,231.277344,0.0,,
0.4.5-cold,257.759745,0.381461,222.027344,231.277344,0.0,,
0.4.5-cold,258.272897,0.380614,222.027344,231.277344,0.0,,
0.4.5-cold,258.787356,0.0,222.027344,231.277344,0.0,,
0.4.5-cold,259.303881,0.189064,222.027344,231.277344,0.0,,
0.4.5-cold,259.817143,0.0,222.027344,231.277344,0.0,,
0.4.5-cold,260.329518,0.190595,222.027344,231.277344,0.0,,
0.4.5-cold,260.842557,0.761395,222.027344,231.277344,0.0,,
0.4.5-cold,261.353965,0.0,222.027344,231.277344,0.0,,
0.4.5-cold,261.86697,0.380722,222.027344,231.277344,0.0,,
0.4.5-cold,262.379865,0.0,222.027344,231.277344,0.0,,
0.4.5-cold,262.892916,0.571032,222.027344,231.277344,0.0,,
0.4.5-cold,263.406313,0.190216,222.027344,231.277344,0.0,,
0.4.5-cold,263.916991,0.764914,222.027344,231.277344,0.0,,
0.4.5-cold,264.431714,0.379452,222.027344,231.277344,0.0,,
0.4.5-cold,264.942872,0.0,222.027344,231.277344,0.0,,
0.4.5-cold,265.452968,0.191447,222.027344,231.277344,0.0,,
0.4.5-cold,265.968975,0.0,222.027344,231.277344,0.0,,
0.4.5-cold,266.480717,0.0,222.027344,231.050781,0.0,,
0.4.5-cold,266.993274,0.381055,222.027344,231.050781,0.0,,
0.4.5-cold,267.506804,0.0,222.027344,231.050781,0.0,,
0.4.5-cold,268.018938,0.190685,222.0,231.039062,0.0,,
0.4.5-cold,268.531808,0.571234,222.0,231.039062,0.0,,
0.4.5-cold,269.045153,0.38047,222.0,231.039062,0.0,,
0.4.5-cold,269.561179,0.56774,222.0,231.039062,0.0,,
0.4.5-cold,270.075941,0.189711,222.0,231.039062,0.0,,
0.4.5-cold,270.589735,0.190069,222.0,231.039062,0.0,,
0.4.5-cold,271.105149,0.378943,222.0,231.039062,0.0,,
0.4.5-cold,271.618003,0.0,222.0,231.039062,0.0,,
0.4.5-cold,272.133058,0.758414,222.0,231.039062,0.0,,
0.4.5-cold,272.646137,0.190334,222.0,231.039062,0.0,,
0.4.5-cold,273.158082,0.0,222.0,231.039062,0.0,,
0.4.5-cold,273.671126,0.571041,222.0,231.039062,0.0,,
0.4.5-cold,274.183815,0.190478,222.0,231.039062,0.0,,
0.4.5-cold,274.697713,0.190031,222.0,231.039062,0.0,,
0.4.5-cold,275.210157,0.381139,222.0,231.039062,0.0,,
0.4.5-cold,275.72464,0.189815,222.0,231.039062,0.0,,
1.0.1-cold,0.0,,7.003906,20.605469,,,
1.0.1-cold,0.565816,0.0,21.199219,37.550781,0.0,,
1.0.1-cold,1.088129,1.869689,103.773438,117.945312,0.0,,
1.0.1-cold,1.618403,3.130751,116.105469,163.386719,0.0,,
1.0.1-cold,2.133972,3.030629,179.480469,217.304688,0.0,,
1.0.1-cold,2.648095,6.45821,342.40625,395.613281,0.0,,
1.0.1-cold,3.163414,0.379013,204.0625,258.601562,0.0,,
1.0.1-cold,3.679055,5.871029,244.992188,329.644531,0.0,,
1.0.1-cold,4.207797,25.118579,322.929688,414.417969,0.0,,
1.0.1-cold,4.723259,25.197364,388.761719,489.8125,0.0,,
1.0.1-cold,5.241861,25.42137,435.1875,548.601562,0.0,,
1.0.1-cold,5.755168,24.922651,455.273438,587.71875,0.0,,
1.0.1-cold,6.271751,24.764629,488.265625,638.324219,0.0,,
1.0.1-cold,6.785905,25.261427,495.601562,660.914062,0.0,,
1.0.1-cold,7.299476,25.100011,500.621094,680.242188,0.0,,
1.0.1-cold,7.816018,25.144686,507.738281,700.730469,0.0,,
1.0.1-cold,8.34513,25.654712,562.203125,718.964844,0.0,,
1.0.1-cold,8.873618,22.728456,564.191406,736.199219,0.0,,
1.0.1-cold,9.387725,12.916807,562.679688,738.894531,0.0,,
1.0.1-cold,9.903125,12.505474,560.800781,742.46875,0.0,,
1.0.1-cold,10.419799,12.663621,565.382812,754.355469,0.0,,
1.0.1-cold,10.934695,12.51769,568.40625,740.066406,0.0,,
1.0.1-cold,11.448751,17.857362,617.09375,771.140625,0.0,,
1.0.1-cold,11.965286,15.124846,670.222656,759.273438,0.0,,
1.0.1-cold,12.483046,25.08551,671.375,778.0625,0.0,,
1.0.1-cold,13.002159,25.960729,685.609375,779.21875,0.0,,
1.0.1-cold,13.517389,20.280707,688.132812,796.621094,0.0,,
1.0.1-cold,14.034684,12.459636,681.980469,797.160156,0.0,,
1.0.1-cold,14.549855,24.074241,707.574219,805.976562,0.0,,
1.0.1-cold,15.065261,25.200082,721.351562,826.710938,0.0,,
1.0.1-cold,15.595918,25.21199,803.285156,927.304688,0.0,,
1.0.1-cold,16.110913,24.461711,958.761719,1096.902344,0.0,,
1.0.1-cold,16.625872,25.790878,1075.363281,1210.417969,0.0,,
1.0.1-cold,17.14029,24.86883,1089.226562,1230.078125,0.0,,
1.0.1-cold,17.667729,26.291528,1133.164062,1266.933594,0.0,,
1.0.1-cold,18.18254,25.039514,1154.363281,1294.082031,0.0,,
1.0.1-cold,18.696683,25.451946,1159.171875,1304.070312,0.0,,
1.0.1-cold,19.210512,26.037668,1142.480469,1294.929688,0.0,,
1.0.1-cold,19.724061,24.910926,1160.402344,1323.511719,0.0,,
1.0.1-cold,20.238812,24.852737,1168.304688,1339.992188,0.0,,
1.0.1-cold,20.766793,25.709634,1235.289062,1375.113281,0.0,,
1.0.1-cold,21.282615,25.558437,1268.105469,1433.453125,0.0,,
1.0.1-cold,21.795995,23.777774,1317.796875,1491.097656,0.0,,
1.0.1-cold,22.314956,26.532888,1374.109375,1532.882812,0.0,,
1.0.1-cold,22.831433,25.71505,1375.332031,1507.953125,0.0,,
1.0.1-cold,23.35112,24.428795,1436.679688,1580.160156,0.0,,
1.0.1-cold,23.866609,25.196035,1446.964844,1593.253906,0.0,,
1.0.1-cold,24.394099,26.474139,1388.355469,1512.953125,0.0,,
1.0.1-cold,24.912707,24.856173,1374.816406,1506.933594,0.0,,
1.0.1-cold,25.429305,25.709102,1395.976562,1524.980469,0.0,,
1.0.1-cold,25.944233,24.844175,1396.792969,1531.480469,0.0,,
1.0.1-cold,26.472723,24.945791,1474.515625,1618.746094,0.0,,
1.0.1-cold,26.988615,25.554934,1505.695312,1652.972656,0.0,,
1.0.1-cold,27.504098,25.006877,1519.46875,1673.996094,0.0,,
1.0.1-cold,28.018177,25.265161,1511.109375,1665.902344,0.0,,
1.0.1-cold,28.532592,24.868951,1523.730469,1679.761719,0.0,,
1.0.1-cold,29.060517,24.97247,1562.183594,1726.53125,0.0,,
1.0.1-cold,29.575389,26.174624,1534.746094,1643.269531,0.0,,
1.0.1-cold,30.091456,25.546244,1528.996094,1645.25,0.0,,
1.0.1-cold,30.60939,25.265661,1584.925781,1717.539062,0.0,,
1.0.1-cold,31.122225,24.564736,1596.851562,1731.628906,0.0,,
1.0.1-cold,31.637199,24.841965,1607.285156,1748.726562,0.0,,
1.0.1-cold,32.15574,25.236066,1617.769531,1770.042969,0.0,,
1.0.1-cold,32.670508,25.610783,1659.175781,1807.585938,0.0,,
1.0.1-cold,33.1857,25.021012,1667.601562,1795.195312,0.0,,
1.0.1-cold,33.700717,20.857908,1671.160156,1788.484375,0.0,,
1.0.1-cold,34.214012,13.127512,1641.984375,1761.554688,0.0,,
1.0.1-cold,34.743061,12.921163,1622.082031,1742.101562,0.0,,
1.0.1-cold,35.26151,7.346131,1618.046875,1733.320312,0.0,,
1.0.1-cold,35.777964,6.42906,1623.089844,1740.519531,0.0,,
1.0.1-cold,36.294648,2.457075,1104.261719,1149.292969,0.0,,
1.0.1-cold,36.809426,6.639699,1363.488281,1337.875,0.0,,
1.0.1-cold,37.326456,6.610775,2184.441406,1941.269531,0.0,,
1.0.1-cold,37.83807,5.153721,1896.238281,1945.160156,0.0,,
1.0.1-cold,38.363319,6.13549,1087.207031,1143.328125,0.0,,
1.0.1-cold,38.875144,5.914799,1091.214844,1161.738281,0.0,,
1.0.1-cold,39.387774,6.477022,1104.484375,1157.167969,0.0,,
1.0.1-cold,39.902071,6.645906,1111.546875,1169.375,0.0,,
1.0.1-cold,40.415572,6.275841,1111.558594,1176.238281,0.0,,
1.0.1-cold,40.929421,6.46166,1113.636719,1185.898438,0.0,,
1.0.1-cold,41.444791,6.253088,1131.894531,1210.445312,0.0,,
1.0.1-cold,41.958236,6.847132,1148.59375,1234.117188,0.0,,
1.0.1-cold,42.472097,6.461499,1155.964844,1247.394531,0.0,,
1.0.1-cold,42.985133,6.281534,1175.003906,1271.035156,0.0,,
1.0.1-cold,43.501356,6.242767,1199.046875,1298.992188,0.0,,
1.0.1-cold,44.015869,6.26351,1199.113281,1303.890625,0.0,,
1.0.1-cold,44.532199,6.241463,1199.558594,1310.902344,0.0,,
1.0.1-cold,45.050317,6.596885,1199.652344,1316.472656,0.0,,
1.0.1-cold,45.567701,6.228752,1198.324219,1321.292969,0.0,,
1.0.1-cold,46.082833,6.255991,1198.769531,1327.765625,0.0,,
1.0.1-cold,46.596982,6.457872,1199.039062,1333.46875,0.0,,
1.0.1-cold,47.110185,6.279503,1198.039062,1335.515625,0.0,,
1.0.1-cold,47.623346,6.280009,1198.125,1341.808594,0.0,,
1.0.1-cold,48.138142,6.639453,1198.433594,1347.078125,0.0,,
1.0.1-cold,48.655031,6.234727,1198.433594,1352.808594,0.0,,
1.0.1-cold,49.16639,6.493112,1200.003906,1361.703125,0.0,,
1.0.1-cold,49.685164,6.400306,1199.179688,1367.546875,0.0,,
1.0.1-cold,50.19742,6.291098,1198.433594,1371.386719,0.0,,
1.0.1-cold,50.71087,7.227455,1198.433594,1374.230469,0.0,,
1.0.1-cold,51.22572,6.638769,1197.664062,1377.886719,0.0,,
1.0.1-cold,51.739604,6.081141,1197.503906,1383.308594,0.0,,
1.0.1-cold,52.253779,6.26763,1199.082031,1391.511719,0.0,,
1.0.1-cold,52.768117,6.645373,1197.15625,1394.964844,0.0,,
1.0.1-cold,53.283304,6.255316,1197.792969,1401.71875,0.0,,
1.0.1-cold,53.798584,6.443702,1197.507812,1406.558594,0.0,,
1.0.1-cold,54.31354,6.258121,1199.027344,1414.058594,0.0,,
1.0.1-cold,54.828092,6.642604,1197.625,1415.535156,0.0,,
1.0.1-cold,55.34242,6.265763,1198.214844,1421.171875,0.0,,
1.0.1-cold,55.857551,6.255988,1198.234375,1427.816406,0.0,,
1.0.1-cold,56.370087,6.478214,1197.628906,1432.878906,0.0,,
1.0.1-cold,56.885097,6.447086,1197.0,1437.664062,0.0,,
1.0.1-cold,57.400095,6.636851,1197.613281,1444.066406,0.0,,
1.0.1-cold,57.920179,6.384188,1197.613281,1450.128906,0.0,,
1.0.1-cold,58.435763,6.439905,1198.0,1456.515625,0.0,,
1.0.1-cold,58.946843,6.305582,1198.0,1462.296875,0.0,,
1.0.1-cold,59.464201,6.606587,1198.0,1464.9375,0.0,,
1.0.1-cold,59.982521,6.217503,1198.0,1471.011719,0.0,,
1.0.1-cold,60.500185,6.414029,1197.902344,1476.949219,0.0,,
1.0.1-cold,61.01258,6.479985,1197.910156,1482.964844,0.0,,
1.0.1-cold,61.527505,6.448148,1197.875,1488.898438,0.0,,
1.0.1-cold,62.042176,6.261586,1197.875,1494.863281,0.0,,
1.0.1-cold,62.55685,6.451294,1197.875,1500.90625,0.0,,
1.0.1-cold,63.071168,6.645625,1197.792969,1507.046875,0.0,,
1.0.1-cold,63.584463,6.088117,1197.792969,1509.613281,0.0,,
1.0.1-cold,64.099821,6.063752,1198.199219,1515.835938,0.0,,
1.0.1-cold,64.619171,6.393204,1198.453125,1523.121094,0.0,,
1.0.1-cold,65.136522,6.417906,1197.996094,1526.808594,0.0,,
1.0.1-cold,65.65229,6.437616,1199.554688,1536.21875,0.0,,
1.0.1-cold,66.163447,6.877771,1200.140625,1543.316406,0.0,,
1.0.1-cold,66.676734,6.278471,1202.476562,1548.566406,0.0,,
1.0.1-cold,67.193434,6.615004,1202.429688,1556.582031,0.0,,
1.0.1-cold,67.705268,6.487082,1202.441406,1558.976562,0.0,,
1.0.1-cold,68.21942,6.077966,1202.496094,1565.210938,0.0,,
1.0.1-cold,68.731208,6.487681,1201.074219,1570.859375,0.0,,
1.0.1-cold,69.246985,6.81617,1201.488281,1577.621094,0.0,,
1.0.1-cold,69.761376,6.454846,1204.503906,1588.421875,0.0,,
1.0.1-cold,70.274291,6.283018,1205.136719,1596.203125,0.0,,
1.0.1-cold,70.787592,6.278296,1219.9375,1613.628906,0.0,,
1.0.1-cold,71.301685,7.028462,1218.527344,1617.175781,0.0,,
1.0.1-cold,71.814387,7.42847,1216.792969,1619.617188,0.0,,
1.0.1-cold,72.328448,7.408836,1213.859375,1623.335938,0.0,,
1.0.1-cold,72.838343,6.703278,1213.695312,1629.894531,0.0,,
1.0.1-cold,73.351205,6.6645,1214.703125,1636.761719,0.0,,
1.0.1-cold,73.87104,6.199381,1213.054688,1642.148438,0.0,,
1.0.1-cold,74.386239,6.44472,1216.78125,1652.433594,0.0,,
1.0.1-cold,74.901132,6.25889,1216.71875,1660.628906,0.0,,
1.0.1-cold,75.413242,6.102203,1216.070312,1662.085938,0.0,,
1.0.1-cold,75.931236,6.409943,1219.402344,1668.109375,0.0,,
1.0.1-cold,76.444192,6.28252,1218.066406,1673.8125,0.0,,
1.0.1-cold,76.961114,6.234318,1219.074219,1681.269531,0.0,,
1.0.1-cold,77.478437,6.984571,1218.339844,1686.335938,0.0,,
1.0.1-cold,77.994598,6.432712,1219.085938,1693.683594,0.0,,
1.0.1-cold,78.512306,6.413479,1219.03125,1700.460938,0.0,,
1.0.1-cold,79.025664,6.2776,1220.523438,1708.730469,0.0,,
1.0.1-cold,79.540771,6.635464,1220.4375,1711.652344,0.0,,
1.0.1-cold,80.054026,6.27885,1221.46875,1718.703125,0.0,,
1.0.1-cold,80.573604,6.578364,1219.980469,1722.828125,0.0,,
1.0.1-cold,81.08632,6.475922,1218.421875,1727.664062,0.0,,
1.0.1-cold,81.603599,6.230018,1218.679688,1734.28125,0.0,,
1.0.1-cold,82.122444,6.022997,1218.988281,1741.160156,0.0,,
1.0.1-cold,82.641529,6.396475,1220.269531,1749.355469,0.0,,
1.0.1-cold,83.155446,6.270765,1222.355469,1755.019531,0.0,,
1.0.1-cold,83.671121,6.43877,1223.003906,1761.765625,0.0,,
1.0.1-cold,84.189721,6.967379,1239.582031,1785.179688,0.0,,
1.0.1-cold,84.704764,6.446664,1241.804688,1791.894531,0.0,,
1.0.1-cold,85.217001,6.291347,1241.683594,1796.8125,0.0,,
1.0.1-cold,85.731564,6.073107,1242.390625,1804.074219,0.0,,
1.0.1-cold,86.250173,6.214046,1240.476562,1809.402344,0.0,,
1.0.1-cold,86.766873,6.614989,1242.394531,1817.628906,0.0,,
1.0.1-cold,87.281134,6.266584,1238.808594,1817.082031,0.0,,
1.0.1-cold,87.796188,6.256925,1241.191406,1826.167969,0.0,,
1.0.1-cold,88.311678,6.441084,1241.996094,1833.421875,0.0,,
1.0.1-cold,88.824195,6.2879,1238.164062,1834.765625,0.0,,
1.0.1-cold,89.341079,6.612643,1239.265625,1842.21875,0.0,,
1.0.1-cold,89.858906,6.789187,1235.675781,1845.242188,0.0,,
1.0.1-cold,90.374742,6.436752,1237.15625,1852.96875,0.0,,
1.0.1-cold,90.890005,6.254396,1237.308594,1855.363281,0.0,,
1.0.1-cold,91.404783,6.449988,1235.566406,1860.371094,0.0,,
1.0.1-cold,91.922674,6.222657,1236.34375,1867.421875,0.0,,
1.0.1-cold,92.437005,6.265726,1235.507812,1871.933594,0.0,,
1.0.1-cold,92.952455,6.631037,1236.34375,1880.195312,0.0,,
1.0.1-cold,93.46908,6.237897,1237.128906,1887.714844,0.0,,
1.0.1-cold,93.986682,6.792143,1237.90625,1895.925781,0.0,,
1.0.1-cold,94.500899,6.646938,1235.875,1896.535156,0.0,,
1.0.1-cold,95.015382,6.263867,1236.339844,1901.835938,0.0,,
1.0.1-cold,95.530582,6.255156,1236.285156,1906.964844,0.0,,
1.0.1-cold,96.047687,6.798678,1236.332031,1912.65625,0.0,,
1.0.1-cold,96.561431,6.082793,1439.742188,1429.546875,0.0,,
1.0.1-cold,97.077266,6.24745,1688.523438,1657.777344,0.0,,
1.0.1-cold,97.593544,6.242097,2633.09375,1987.179688,0.0,,
1.0.1-cold,98.110102,5.293455,1230.058594,1284.695312,0.0,,
1.0.1-cold,98.62697,6.801784,1230.589844,1285.054688,0.0,,
1.0.1-cold,99.140745,6.27251,1260.269531,1314.90625,0.0,,
1.0.1-cold,99.659217,6.404029,1260.273438,1314.910156,0.0,,
1.0.1-cold,100.173108,6.461121,1260.105469,1314.808594,0.0,,
1.0.1-cold,100.691731,6.590465,1232.515625,1285.625,0.0,,
1.0.1-cold,101.207456,6.248789,1235.648438,1295.160156,0.0,,
1.0.1-cold,101.722321,6.63858,1232.933594,1299.796875,0.0,,
1.0.1-cold,102.238023,6.059701,1232.46875,1303.945312,0.0,,
1.0.1-cold,102.751685,6.273879,1235.101562,1309.078125,0.0,,
1.0.1-cold,103.264623,5.901967,1227.058594,1304.859375,0.0,,
1.0.1-cold,103.778955,5.88597,1227.214844,1310.453125,0.0,,
1.0.1-cold,104.292917,6.460231,1228.707031,1318.09375,0.0,,
1.0.1-cold,104.809965,6.610553,1228.3125,1323.4375,0.0,,
1.0.1-cold,105.325717,6.248456,1229.050781,1330.34375,0.0,,
1.0.1-cold,105.836711,6.306645,1228.691406,1335.117188,0.0,,
1.0.1-cold,106.354095,6.606256,1230.660156,1344.125,0.0,,
1.0.1-cold,106.872329,6.218533,1228.039062,1347.941406,0.0,,
1.0.1-cold,107.389324,6.422323,1228.527344,1354.953125,0.0,,
1.0.1-cold,107.90337,6.459173,1231.023438,1358.789062,0.0,,
1.0.1-cold,108.418317,6.258238,1238.414062,1293.265625,0.0,,
1.0.1-cold,108.931573,6.469112,1224.558594,1279.433594,0.0,,
1.0.1-cold,109.445873,6.64587,1252.117188,1306.933594,0.0,,
1.0.1-cold,109.96034,6.643702,1230.582031,1283.125,0.0,,
1.0.1-cold,110.474724,6.26508,1242.726562,1296.78125,0.0,,
1.0.1-cold,110.990463,6.248623,1306.3125,1360.304688,0.0,,
1.0.1-cold,111.502587,6.10204,1269.371094,1323.433594,0.0,,
1.0.1-cold,112.016622,6.269324,1246.957031,1300.75,0.0,,
1.0.1-cold,112.532722,6.244249,1245.832031,1300.003906,0.0,,
1.0.1-cold,113.046151,6.086527,1298.769531,1352.90625,0.0,,
1.0.1-cold,113.560829,6.261507,1242.550781,1296.691406,0.0,,
1.0.1-cold,114.076578,6.437839,1242.542969,1296.757812,0.0,,
1.0.1-cold,114.59034,6.462749,1242.730469,1296.949219,0.0,,
1.0.1-cold,115.106851,6.428346,1244.890625,1298.777344,0.0,,
1.0.1-cold,115.621868,6.257378,1244.890625,1298.824219,0.0,,
1.0.1-cold,116.137392,6.440651,1244.082031,1298.296875,0.0,,
1.0.1-cold,116.654687,6.229822,1247.867188,1301.316406,0.0,,
1.0.1-cold,117.172497,6.600825,1250.453125,1303.398438,0.0,,
1.0.1-cold,117.68907,6.238525,1272.957031,1324.753906,0.0,,
1.0.1-cold,118.203047,6.080039,1291.414062,1345.382812,0.0,,
1.0.1-cold,118.718521,6.441283,1340.261719,1393.386719,0.0,,
1.0.1-cold,119.233216,6.451031,1402.21875,1455.65625,0.0,,
1.0.1-cold,119.748845,6.439341,1435.558594,1488.496094,0.0,,
1.0.1-cold,120.264598,6.437792,1455.183594,1508.066406,0.0,,
1.0.1-cold,120.778515,6.650819,1468.152344,1520.675781,0.0,,
1.0.1-cold,121.294364,6.247286,1424.304688,1477.160156,0.0,,
1.0.1-cold,121.806671,6.290481,1424.894531,1477.734375,0.0,,
1.0.1-cold,122.322427,6.627103,1431.691406,1484.863281,0.0,,
1.0.1-cold,122.839258,6.424372,1432.09375,1485.140625,0.0,,
1.0.1-cold,123.351589,6.671409,1437.523438,1490.515625,0.0,,
1.0.1-cold,123.868965,6.417599,1441.585938,1494.425781,0.0,,
1.0.1-cold,124.383416,5.125302,1443.855469,1500.058594,0.0,,
1.0.1-cold,124.898416,6.257587,1444.367188,1518.496094,0.0,,
1.0.1-cold,125.41884,6.004726,1444.367188,1531.761719,0.0,,
1.0.1-cold,125.936217,6.040081,1445.207031,1537.390625,0.0,,
1.0.1-cold,126.451708,6.44106,1445.441406,1542.800781,0.0,,
1.0.1-cold,126.966356,6.072114,1447.792969,1549.996094,0.0,,
1.0.1-cold,127.480378,6.839453,1446.128906,1549.28125,0.0,,
1.0.1-cold,127.995071,6.640783,1447.003906,1556.164062,0.0,,
1.0.1-cold,128.510201,6.256002,1449.347656,1563.710938,0.0,,
1.0.1-cold,129.021696,6.300469,1448.988281,1569.710938,0.0,,
1.0.1-cold,129.533889,6.291879,1448.785156,1573.707031,0.0,,
1.0.1-cold,130.051041,6.231552,1448.785156,1579.734375,0.0,,
1.0.1-cold,130.567053,6.24531,1450.21875,1580.976562,0.0,,
1.0.1-cold,131.085765,6.212797,1454.65625,1585.378906,0.0,,
1.0.1-cold,131.601758,6.245552,1455.8125,1586.394531,0.0,,
1.0.1-cold,132.115046,6.849222,1456.996094,1587.59375,0.0,,
1.0.1-cold,132.630134,6.446106,1459.53125,1590.210938,0.0,,
1.0.1-cold,133.147907,6.224073,1463.25,1593.695312,0.0,,
1.0.1-cold,133.660907,6.472336,1466.019531,1596.578125,0.0,,
1.0.1-cold,134.179144,6.406942,1468.035156,1599.4375,0.0,,
1.0.1-cold,134.692122,6.662998,1484.410156,1615.890625,0.0,,
1.0.1-cold,135.206736,6.262271,1501.285156,1631.914062,0.0,,
1.0.1-cold,135.722772,6.623506,1561.914062,1692.027344,0.0,,
1.0.1-cold,136.240546,6.978498,1576.441406,1706.601562,0.0,,
1.0.1-cold,136.760165,6.389896,1730.738281,1861.113281,0.0,,
1.0.1-cold,137.27644,6.242131,1757.421875,1892.957031,0.0,,
1.0.1-cold,137.791121,6.261467,1758.0,1899.765625,0.0,,
1.0.1-cold,138.316336,6.693691,1758.0,1906.863281,0.0,,
1.0.1-cold,138.830853,6.453261,1760.46875,1917.46875,0.0,,
1.0.1-cold,139.344356,6.465998,1758.566406,1920.378906,0.0,,
1.0.1-cold,139.858492,6.268097,1758.566406,1925.75,0.0,,
1.0.1-cold,140.373078,6.262618,1758.566406,1888.335938,0.0,,
1.0.1-cold,140.888168,6.066908,1760.628906,1898.085938,0.0,,
1.0.1-cold,141.399093,6.498622,1758.566406,1899.003906,0.0,,
1.0.1-cold,141.912165,6.661772,1758.566406,1900.121094,0.0,,
1.0.1-cold,142.426861,6.451027,1758.566406,1905.824219,0.0,,
1.0.1-cold,142.94095,6.078709,1758.566406,1912.03125,0.0,,
1.0.1-cold,143.451945,5.924406,1758.566406,1918.117188,0.0,,
1.0.1-cold,143.966277,6.64546,1759.53125,1925.089844,0.0,,
1.0.1-cold,144.478884,6.477302,1759.535156,1931.429688,0.0,,
1.0.1-cold,144.991971,5.900252,1761.601562,1899.042969,0.0,,
1.0.1-cold,145.521443,6.455434,1759.542969,1901.316406,0.0,,
1.0.1-cold,146.034996,6.465375,1759.542969,1907.445312,0.0,,
1.0.1-cold,146.547686,6.285777,1761.984375,1918.296875,0.0,,
1.0.1-cold,147.059346,6.489297,1759.542969,1919.554688,0.0,,
1.0.1-cold,147.575235,6.436097,1759.542969,1925.644531,0.0,,
1.0.1-cold,148.090182,6.447866,1759.542969,1931.40625,0.0,,
1.0.1-cold,148.602755,6.287225,1761.601562,1899.0625,0.0,,
1.0.1-cold,149.114805,6.293632,1759.542969,1901.328125,0.0,,
1.0.1-cold,149.631099,6.241899,1759.542969,1905.328125,0.0,,
1.0.1-cold,150.146434,6.443024,1759.542969,1906.378906,0.0,,
1.0.1-cold,150.661704,6.822869,1759.542969,1912.605469,0.0,,
1.0.1-cold,151.176296,6.072778,1759.542969,1918.710938,0.0,,
1.0.1-cold,151.691107,6.259885,1759.542969,1925.097656,0.0,,
1.0.1-cold,152.205352,6.266773,1759.542969,1931.417969,0.0,,
1.0.1-cold,152.720442,5.687711,1759.542969,1895.011719,0.0,,
1.0.1-cold,153.233373,6.282833,1759.542969,1901.121094,0.0,,
1.0.1-cold,153.749857,6.239599,1759.542969,1907.28125,0.0,,
1.0.1-cold,154.264888,6.257214,1759.542969,1913.578125,0.0,,
1.0.1-cold,154.778088,6.469824,1759.542969,1919.734375,0.0,,
1.0.1-cold,155.293748,6.628326,1759.542969,1925.832031,0.0,,
1.0.1-cold,155.808248,6.453483,1759.542969,1889.328125,0.0,,
1.0.1-cold,156.32339,6.25586,1761.621094,1899.210938,0.0,,
1.0.1-cold,156.837294,6.080903,1759.542969,1901.570312,0.0,,
1.0.1-cold,157.353046,6.059105,1759.542969,1907.769531,0.0,,
1.0.1-cold,157.871136,6.40876,1759.542969,1911.3125,0.0,,
1.0.1-cold,158.386617,6.630642,1759.542969,1912.992188,0.0,,
1.0.1-cold,158.899195,6.668186,1759.542969,1919.085938,0.0,,
1.0.1-cold,159.415368,6.243371,1759.542969,1925.386719,0.0,,
1.0.1-cold,159.929457,6.268666,1759.542969,1931.582031,0.0,,
1.0.1-cold,160.445585,6.433122,1759.542969,1895.074219,0.0,,
1.0.1-cold,160.960866,6.25417,1759.542969,1901.296875,0.0,,
1.0.1-cold,161.476068,6.065583,1759.542969,1907.324219,0.0,,
1.0.1-cold,161.990975,6.63804,1759.542969,1913.863281,0.0,,
1.0.1-cold,162.505738,6.26046,1759.542969,1920.058594,0.0,,
1.0.1-cold,163.020095,6.265412,1759.542969,1926.179688,0.0,,
1.0.1-cold,163.533798,6.273379,1759.542969,1932.015625,0.0,,
1.0.1-cold,164.048398,6.072681,1761.605469,1899.226562,0.0,,
1.0.1-cold,164.565073,6.4263,1759.542969,1901.554688,0.0,,
1.0.1-cold,165.082574,6.038643,1759.542969,1907.519531,0.0,,
1.0.1-cold,165.596771,6.267356,1759.542969,1913.683594,0.0,,
1.0.1-cold,166.1098,5.710565,1759.542969,1919.257812,0.0,,
1.0.1-cold,166.624009,6.267216,1759.542969,1919.257812,0.0,,
1.0.1-cold,167.137632,6.654619,1759.542969,1924.835938,0.0,,
1.0.1-cold,167.668268,6.073196,1759.542969,1930.867188,0.0,,
1.0.1-cold,168.186591,6.217473,1668.59375,1803.511719,0.0,,
1.0.1-cold,168.697715,6.687155,1638.292969,1691.136719,0.0,,
1.0.1-cold,169.211988,6.456327,1646.203125,1699.085938,0.0,,
1.0.1-cold,169.723447,6.300907,1651.644531,1704.332031,0.0,,
1.0.1-cold,170.239742,6.431042,1656.402344,1708.988281,0.0,,
1.0.1-cold,170.754558,6.639196,1656.402344,1708.988281,0.0,,
1.0.1-cold,171.268851,6.266188,1678.59375,1730.617188,0.0,,
1.0.1-cold,171.783809,6.44774,1744.800781,1797.414062,0.0,,
1.0.1-cold,172.298478,5.882122,1761.585938,1813.761719,0.0,,
1.0.1-cold,172.816106,6.41447,1740.332031,1792.65625,0.0,,
1.0.1-cold,173.328826,6.475874,1842.964844,1888.023438,0.0,,
1.0.1-cold,173.843529,6.261202,2081.449219,2061.011719,0.0,,
1.0.1-cold,174.358746,5.68632,2344.167969,2394.28125,0.0,,
1.0.1-cold,174.873747,5.878319,1744.863281,1796.777344,0.0,,
1.0.1-cold,175.390673,6.612111,1782.363281,1834.097656,0.0,,
1.0.1-cold,175.90392,6.278959,1808.914062,1860.960938,0.0,,
1.0.1-cold,176.421175,6.419102,1818.996094,1871.742188,0.0,,
1.0.1-cold,176.93825,6.232475,1830.011719,1881.898438,0.0,,
1.0.1-cold,177.455619,6.606439,1845.882812,1896.59375,0.0,,
1.0.1-cold,177.975843,6.382472,1873.179688,1923.929688,0.0,,
1.0.1-cold,178.492109,6.431395,1960.316406,2010.1875,0.0,,
1.0.1-cold,179.002766,6.3108,2012.285156,2064.15625,0.0,,
1.0.1-cold,179.520053,6.418705,2090.089844,2139.871094,0.0,,
1.0.1-cold,180.034166,6.268386,2132.191406,2181.636719,0.0,,
1.0.1-cold,180.549729,6.440167,2149.632812,2199.007812,0.0,,
1.0.1-cold,181.064821,6.25647,2172.972656,2218.492188,0.0,,
1.0.1-cold,181.579959,6.445483,2199.492188,2243.222656,0.0,,
1.0.1-cold,182.099389,6.580222,2220.382812,2262.40625,0.0,,
1.0.1-cold,182.615073,6.628027,2246.808594,2290.332031,0.0,,
1.0.1-cold,183.127478,6.098701,2269.734375,2303.738281,0.0,,
1.0.1-cold,183.641478,6.079757,2311.382812,2345.863281,0.0,,
1.0.1-cold,184.157183,6.627761,2328.71875,2362.972656,0.0,,
1.0.1-cold,184.669634,4.954744,2265.996094,2279.722656,0.0,,
1.0.1-cold,185.18766,5.843997,2014.25,2064.660156,0.0,,
1.0.1-cold,185.703704,6.623406,617.054688,671.558594,0.0,,
1.0.1-cold,186.230527,0.370737,184.339844,228.394531,0.0,,
1.0.1-cold,186.745631,0.379171,184.339844,228.394531,0.0,,
1.0.1-cold,187.262431,0.188963,184.339844,228.394531,0.0,,
1.0.1-cold,187.774186,0.0,184.339844,228.394531,0.0,,
1.0.1-cold,188.286676,0.0,184.308594,228.378906,0.0,,
1.0.1-cold,188.796869,0.382821,184.308594,228.378906,0.0,,
1.0.1-cold,189.3071,0.191396,184.308594,228.378906,0.0,,
1.0.1-cold,189.831146,0.0,184.308594,228.378906,0.0,,
1.0.1-cold,190.348099,0.188908,184.308594,228.378906,0.0,,
1.0.1-cold,190.860905,0.0,184.308594,228.378906,0.0,,
1.0.1-cold,191.373567,0.190489,184.308594,228.378906,0.0,,
1.0.1-cold,191.884115,0.0,184.308594,228.378906,0.0,,
1.0.1-cold,192.399495,0.0,184.308594,228.378906,0.0,,
1.0.1-cold,192.91417,0.189744,184.308594,228.378906,0.0,,
1.0.1-cold,193.429664,0.189442,184.308594,228.378906,0.0,,
1.0.1-cold,193.942902,0.0,184.308594,228.378906,0.0,,
1.0.1-cold,194.454313,0.0,184.308594,228.378906,0.0,,
1.0.1-cold,194.968684,0.0,184.308594,228.378906,0.0,,
1.0.1-cold,195.483617,0.189649,184.308594,228.378906,0.0,,
1.0.1-cold,195.9979,0.0,184.308594,228.378906,0.0,,
1.0.1-cold,196.509546,0.0,184.308594,228.378906,0.0,,
1.0.1-cold,197.024411,0.379347,184.308594,228.378906,0.0,,
1.0.1-cold,197.534966,0.191274,184.308594,228.378906,0.0,,
1.0.1-cold,198.049098,0.379888,184.308594,228.378906,0.0,,
1.0.1-cold,198.563396,0.379765,184.308594,228.378906,0.0,,
1.0.1-cold,199.075697,0.0,184.308594,228.378906,0.0,,
1.0.1-cold,199.59058,0.0,184.308594,228.378906,0.0,,
1.0.1-cold,200.103576,0.190364,184.308594,228.378906,0.0,,
1.0.1-cold,200.618697,0.0,184.308594,228.378906,0.0,,
1.0.1-cold,201.130479,0.0,184.308594,228.378906,0.0,,
1.0.1-cold,201.644516,0.379958,184.265625,228.355469,0.0,,
1.0.1-cold,202.158307,0.19007,184.265625,228.355469,0.0,,
1.0.1-cold,202.67315,0.0,184.265625,228.355469,0.0,,
1.0.1-cold,203.188609,0.37891,184.265625,228.355469,0.0,,
1.0.1-cold,203.700605,0.0,184.265625,228.355469,0.0,,
1.0.1-cold,204.214468,0.190043,184.265625,228.355469,0.0,,
1.0.1-cold,204.727718,0.380541,184.265625,228.355469,0.0,,
1.0.1-cold,205.242507,0.0,184.265625,228.355469,0.0,,
1.0.1-cold,205.755677,0.0,184.265625,228.355469,0.0,,
1.0.1-cold,206.270525,0.569039,184.265625,228.355469,0.0,,
1.0.1-cold,206.78232,0.190811,184.265625,228.355469,0.0,,
1.0.1-cold,207.294262,0.190757,184.265625,228.355469,0.0,,
1.0.1-cold,207.807024,0.0,184.265625,228.355469,0.0,,
1.0.1-cold,208.321677,0.189751,184.265625,228.355469,0.0,,
1.0.1-cold,208.833267,0.190888,184.265625,228.355469,0.0,,
1.0.1-cold,209.347371,0.189955,184.265625,228.355469,0.0,,
1.0.1-cold,209.85828,0.191142,184.265625,228.355469,0.0,,
1.0.1-cold,210.371137,0.190416,184.265625,228.355469,0.0,,
1.0.1-cold,210.883224,0.0,184.265625,228.355469,0.0,,
1.0.1-cold,211.397141,0.0,184.265625,228.355469,0.0,,
1.0.1-cold,211.909883,0.0,184.265625,228.355469,0.0,,
1.0.1-cold,212.421287,0.190957,184.265625,228.355469,0.0,,
1.0.1-cold,212.94909,0.555073,184.265625,228.355469,0.0,,
1.0.1-cold,213.463037,0.380025,184.292969,228.425781,0.0,,
1.0.1-cold,213.976615,0.0,184.292969,228.425781,0.0,,
1.0.1-cold,214.487855,0.382037,184.292969,228.425781,0.0,,
1.0.1-cold,215.002802,0.0,184.292969,228.425781,0.0,,
1.0.1-cold,215.518133,0.189502,184.292969,228.425781,0.0,,
1.0.1-cold,216.031243,0.0,184.292969,228.425781,0.0,,
1.0.1-cold,216.542648,0.190957,184.292969,228.425781,0.0,,
1.0.1-cold,217.056597,0.0,184.292969,228.425781,0.0,,
1.0.1-cold,217.571608,0.379239,184.292969,228.425781,0.0,,
1.0.1-cold,218.084671,0.19034,184.292969,228.425781,0.0,,
1.0.1-cold,218.598778,0.379907,184.292969,228.425781,0.0,,
1.0.1-cold,219.1108,0.190727,184.292969,228.425781,0.0,,
1.0.1-cold,219.623287,0.190554,184.292969,228.425781,0.0,,
1.0.1-cold,220.137226,1.140092,184.292969,228.425781,0.0,,
1.0.1-cold,220.646098,0.575722,184.292969,228.425781,0.0,,
1.0.1-cold,221.156277,0.574246,184.292969,228.425781,0.0,,
1.0.1-cold,221.665935,0.191612,184.292969,228.425781,0.0,,
1.0.1-cold,222.179817,0.190036,184.292969,228.425781,0.0,,
1.0.1-cold,222.693715,0.57009,184.292969,228.425781,0.0,,
1.0.1-cold,223.203741,0.0,184.292969,228.425781,0.0,,
1.0.1-cold,223.717817,0.0,184.296875,228.429688,0.0,,
1.0.1-cold,224.232474,0.0,184.296875,228.429688,0.0,,
1.0.1-cold,224.744912,0.381144,184.296875,228.429688,0.0,,
1.0.1-cold,225.257386,0.0,184.296875,228.429688,0.0,,
1.0.1-cold,225.769327,0.190757,184.296875,228.429688,0.0,,
1.0.1-cold,226.282823,0.380358,184.296875,228.429688,0.0,,
1.0.1-cold,226.795284,0.0,184.296875,228.429688,0.0,,
1.0.1-cold,227.306145,0.573481,184.296875,228.429688,0.0,,
1.0.1-cold,227.821874,0.189356,184.296875,228.429688,0.0,,
1.0.1-cold,228.345592,0.372935,184.296875,228.429688,0.0,,
1.0.1-cold,228.85805,0.0,184.296875,228.429688,0.0,,
1.0.1-cold,229.370882,0.0,184.296875,228.429688,0.0,,
1.0.1-cold,229.885754,0.0,184.296875,228.429688,0.0,,
1.0.1-cold,230.400591,0.189684,184.296875,228.429688,0.0,,
1.0.1-cold,230.909818,0.191774,184.296875,228.429688,0.0,,
1.0.1-cold,231.42292,0.190325,184.296875,228.429688,0.0,,
1.0.1-cold,231.93687,0.190011,184.296875,228.429688,0.0,,
1.0.1-cold,232.453167,0.0,184.296875,228.429688,0.0,,
1.0.1-cold,232.967609,0.189829,184.296875,228.429688,0.0,,
1.0.1-cold,233.481169,0.0,184.296875,228.429688,0.0,,
1.0.1-cold,233.99296,0.381626,184.296875,228.429688,0.0,,
1.0.1-cold,234.506036,0.190335,184.296875,228.429688,0.0,,
1.0.1-cold,235.021373,0.0,184.296875,228.429688,0.0,,
1.0.1-cold,235.53358,0.0,184.296875,228.429688,0.0,,
1.0.1-cold,236.048517,0.189647,184.296875,228.429688,0.0,,
1.0.1-cold,236.563862,0.189497,184.296875,228.429688,0.0,,
1.0.1-cold,237.077066,0.0,184.296875,228.429688,0.0,,
1.0.1-cold,237.588883,0.0,184.296875,228.429688,0.0,,
1.0.1-cold,238.100869,0.19074,184.296875,228.429688,0.0,,
1.0.1-cold,238.612704,0.190796,184.296875,228.429688,0.0,,
1.0.1-cold,239.124151,0.190941,184.296875,228.429688,0.0,,
1.0.1-cold,239.638828,0.0,184.296875,228.429688,0.0,,
1.0.1-cold,240.154821,0.189259,184.296875,228.429688,0.0,,
1.0.1-cold,240.669167,0.37973,184.296875,228.429688,0.0,,
1.0.1-cold,241.18156,0.190589,184.296875,228.429688,0.0,,
1.0.1-cold,241.698307,0.377966,184.296875,228.429688,0.0,,
1.0.1-cold,242.21276,0.189825,184.296875,228.429688,0.0,,
1.0.1-cold,242.727845,0.0,184.296875,228.429688,0.0,,
1.0.1-cold,243.239447,0.0,184.296875,228.429688,0.0,,
1.0.1-cold,243.753133,0.0,184.296875,228.429688,0.0,,
1.0.1-cold,244.266663,0.190167,184.296875,228.429688,0.0,,
1.0.1-cold,244.779453,0.0,184.296875,228.429688,0.0,,
1.0.1-cold,245.294052,0.189771,184.296875,228.429688,0.0,,
1.0.1-cold,245.807091,0.0,184.296875,228.429688,0.0,,
1.0.1-cold,246.322522,0.568395,184.296875,228.429688,0.0,,
1.0.1-cold,246.831197,0.767926,184.296875,228.429688,0.0,,
1.0.1-cold,247.345949,0.189715,184.296875,228.429688,0.0,,
1.0.1-cold,247.861127,0.0,184.296875,228.429688,0.0,,
1.0.1-cold,248.37534,0.189914,184.296875,228.429688,0.0,,
1.0.1-cold,248.886235,0.191147,184.296875,228.429688,0.0,,
1.0.1-cold,249.397063,0.0,184.296875,228.429688,0.0,,
1.0.1-cold,249.906671,0.38326,184.296875,228.429688,0.0,,
1.0.1-cold,250.422222,0.0,184.296875,228.429688,0.0,,
1.0.1-cold,250.935192,0.190374,184.296875,228.429688,0.0,,
1.0.1-cold,251.448329,0.190312,184.296875,228.429688,0.0,,
1.0.1-cold,251.961766,0.760804,184.296875,228.429688,0.0,,
1.0.1-cold,252.474731,0.0,184.296875,228.429688,0.0,,
1.0.1-cold,252.990091,0.568473,184.296875,228.429688,0.0,,
1.0.1-cold,253.50423,0.0,184.296875,228.429688,0.0,,
1.0.1-cold,254.018765,0.0,184.296875,228.429688,0.0,,
1.0.1-cold,254.533913,0.0,184.296875,228.429688,0.0,,
1.0.1-cold,255.046496,0.0,184.296875,228.429688,0.0,,
1.0.1-cold,255.560909,0.0,184.296875,228.429688,0.0,,
1.0.1-cold,256.073342,0.190574,184.296875,228.429688,0.0,,
1.0.1-cold,256.586907,0.190153,184.296875,228.429688,0.0,,
1.0.1-cold,257.09886,0.0,184.296875,228.429688,0.0,,
1.0.1-cold,257.612675,0.0,184.296875,228.429688,0.0,,
1.0.1-cold,258.123852,0.0,184.296875,228.429688,0.0,,
1.0.1-cold,258.640312,0.189088,184.296875,228.429688,0.0,,
1.0.1-cold,259.151352,0.382186,184.296875,228.429688,0.0,,
1.0.1-cold,259.665093,0.0,184.296875,228.429688,0.0,,
1.0.1-cold,260.180996,0.189292,184.296875,228.429688,0.0,,
1.0.1-cold,260.69399,0.380731,184.296875,228.429688,0.0,,
1.0.1-cold,261.20743,0.1902,184.296875,228.429688,0.0,,
1.0.1-cold,261.72024,0.190434,184.296875,228.429688,0.0,,
1.0.1-cold,262.234863,0.0,184.296875,228.429688,0.0,,
1.0.1-cold,262.7513,0.378192,184.296875,228.429688,0.0,,
1.0.1-cold,263.264458,0.0,184.296875,228.429688,0.0,,
1.0.1-cold,263.778381,0.0,184.296875,228.429688,0.0,,
1.0.1-cold,264.292734,0.379724,184.296875,228.429688,0.0,,
1.0.1-cold,264.804785,0.381432,184.296875,228.429688,0.0,,
1.0.1-cold,265.317159,0.0,184.296875,228.429688,0.0,,
1.0.1-cold,265.829902,0.190458,184.296875,228.429688,0.0,,
1.0.1-cold,266.342102,0.0,184.296875,228.429688,0.0,,
1.0.1-cold,266.854676,0.190521,184.296875,228.429688,0.0,,
1.0.1-cold,267.367728,0.380687,184.296875,228.429688,0.0,,
1.0.1-cold,267.880022,0.190626,184.296875,228.429688,0.0,,
1.0.1-cold,268.391561,0.0,184.296875,228.429688,0.0,,
1.0.1-cold,268.90078,0.191776,184.296875,228.429688,0.0,,
1.0.1-cold,269.413612,0.190426,184.296875,228.429688,0.0,,
1.0.1-cold,269.925557,0.572266,184.296875,228.429688,0.0,,
1.0.1-cold,270.440595,0.0,184.296875,228.429688,0.0,,
1.0.1-cold,270.951034,0.382636,184.296875,228.429688,0.0,,
1.0.1-cold,271.465927,0.189663,184.296875,228.429688,0.0,,
1.0.1-cold,271.978037,0.0,184.296875,228.429688,0.0,,
1.0.1-cold,272.489628,0.0,184.296875,228.429688,0.0,,
1.0.1-cold,273.003498,0.190041,184.296875,228.429688,0.0,,
1.0.1-cold,273.517389,0.190033,184.296875,228.429688,0.0,,
1.0.1-cold,274.029936,0.190531,184.296875,228.429688,0.0,,
1.0.1-cold,274.543818,0.0,184.296875,228.429688,0.0,,
1.0.1-cold,275.058039,0.189911,184.296875,228.429688,0.0,,
1.0.1-cold,275.57385,0.189326,184.296875,228.429688,0.0,,
1.0.1-cold,276.086457,0.381018,184.296875,228.429688,0.0,,
1.0.1-cold,276.603626,0.188829,184.296875,228.429688,0.0,,
1.0.1-cold,277.117892,0.189894,184.296875,228.429688,0.0,,
1.0.1-cold,277.631873,0.19,184.296875,228.429688,0.0,,
1.0.1-cold,278.146714,0.948412,184.296875,228.429688,0.0,,
1.0.1-cold,278.660943,0.0,184.296875,228.429688,0.0,,
1.0.1-cold,279.174403,0.380385,184.296875,228.429688,0.0,,
1.0.1-cold,279.687969,0.0,184.296875,228.429688,0.0,,
1.0.1-cold,280.200296,0.190613,184.296875,228.429688,0.0,,
1.0.1-cold,280.713966,0.190115,184.296875,228.429688,0.0,,
1.0.1-cold,281.227913,0.190012,184.296875,228.429688,0.0,,
1.0.1-cold,281.741774,0.190044,184.296875,228.429688,0.0,,
1.0.1-cold,282.256855,0.379188,184.296875,228.429688,0.0,,
1.0.1-cold,282.771318,0.189822,184.296875,228.429688,0.0,,
1.0.1-cold,283.285849,0.0,184.296875,228.429688,0.0,,
1.0.1-cold,283.795843,0.0,184.296875,228.429688,0.0,,
1.0.1-cold,284.304656,0.19193,184.296875,228.429688,0.0,,
1.0.1-cold,284.819752,0.379177,184.296875,228.429688,0.0,,
1.0.1-cold,285.333784,0.379961,184.296875,228.429688,0.0,,
1.0.1-cold,285.844776,0.0,184.296875,228.429688,0.0,,
1.0.1-cold,286.358819,0.0,184.296875,228.429688,0.0,,
1.0.1-cold,286.87083,0.0,184.296875,228.429688,0.0,,
1.0.1-cold,287.381732,0.191145,184.296875,228.429688,0.0,,
1.0.1-cold,287.904759,0.373428,184.296875,228.429688,0.0,,
1.0.1-cold,288.420117,0.0,184.296875,228.429688,0.0,,
1.0.1-cold,288.931153,0.191095,184.296875,228.429688,0.0,,
1.0.1-cold,289.443021,0.381568,184.296875,228.429688,0.0,,
1.0.1-cold,289.959833,0.188959,184.296875,228.429688,0.0,,
1.0.1-cold,290.472999,0.190302,184.296875,228.429688,0.0,,
1.0.1-cold,290.983859,0.0,184.296875,228.429688,0.0,,
1.0.1-cold,291.497139,0.951296,184.296875,228.429688,0.0,,
1.0.1-cold,292.00991,0.380896,184.296875,228.429688,0.0,,
1.0.1-cold,292.520596,0.382451,184.296875,228.429688,0.0,,
1.0.1-cold,293.031756,0.0,184.296875,228.429688,0.0,,
1.0.1-cold,293.547741,0.0,184.296875,228.429688,0.0,,
1.0.1-cold,294.062928,0.189555,184.296875,228.429688,0.0,,
1.0.1-cold,294.576881,0.19001,184.296875,228.429688,0.0,,
1.0.1-cold,295.089916,0.19035,184.296875,228.429688,0.0,,
1.0.1-cold,295.603039,0.190317,184.296875,228.429688,0.0,,
1.0.1-cold,296.116812,0.57023,184.296875,228.429688,0.0,,
1.0.1-cold,296.628718,0.763079,184.296875,228.429688,0.0,,
1.0.1-cold,297.142026,1.712242,184.296875,228.429688,0.0,,
1.0.1-cold,297.656462,0.189832,184.296875,228.429688,0.0,,
1.0.1-cold,298.16699,0.382569,184.296875,228.429688,0.0,,
1.0.1-cold,298.678344,0.190976,184.296875,228.429688,0.0,,
1.0.1-cold,299.188362,0.0,184.296875,228.429688,0.0,,
1.0.1-cold,299.704023,0.0,184.296875,228.429688,0.0,,
1.0.1-cold,300.227703,0.0,184.304688,228.667969,0.0,,
1.0.1-cold,300.736667,0.191873,184.304688,228.667969,0.0,,
1.0.1-cold,301.247222,0.191275,184.367188,228.703125,0.0,,
1.0.1-cold,301.761508,0.0,184.367188,228.703125,0.0,,
1.0.1-cold,302.273385,0.190781,184.367188,228.71875,0.0,,
1.0.1-cold,302.78782,0.0,184.367188,228.742188,0.0,,
1.0.1-cold,303.300336,0.190543,184.367188,228.742188,0.0,,
1.0.1-cold,303.811302,0.573362,184.367188,228.742188,0.0,,
1.0.1-cold,304.326172,0.189672,184.335938,228.726562,0.0,,
1.0.1-cold,304.853053,0.185348,184.335938,228.726562,0.0,,
1.0.1-cold,305.368923,0.378607,184.335938,228.726562,0.0,,
1.0.1-cold,305.88113,0.381316,184.335938,228.726562,0.0,,
1.0.1-cold,306.396817,0.0,184.335938,228.726562,0.0,,
1.0.1-cold,306.911881,0.0,184.335938,228.726562,0.0,,
1.0.1-cold,307.421848,0.191495,184.335938,228.726562,0.0,,
1.0.1-cold,307.936246,0.0,184.335938,228.726562,0.0,,
1.0.1-cold,308.448258,0.381461,184.335938,228.726562,0.0,,
1.0.1-cold,308.972166,0.0,184.335938,228.726562,0.0,,
1.0.1-cold,309.483607,0.57283,184.335938,228.726562,0.0,,
1.0.1-cold,309.997174,0.0,184.335938,228.726562,0.0,,
1.0.1-cold,310.507798,0.0,184.335938,228.726562,0.0,,
1.0.1-cold,311.017851,0.57439,184.335938,228.726562,0.0,,
1.0.1-cold,311.532743,0.189664,184.335938,228.726562,0.0,,
1.0.1-cold,312.046844,0.189955,184.335938,228.726562,0.0,,
1.0.1-cold,312.560782,0.190016,184.335938,228.726562,0.0,,
1.0.1-cold,313.075247,0.189821,184.335938,228.726562,0.0,,
1.0.1-cold,313.586547,0.0,184.335938,228.726562,0.0,,
1.0.1-cold,314.101426,0.379336,184.335938,228.726562,0.0,,
1.0.1-cold,314.616294,0.0,184.335938,228.726562,0.0,,
1.0.1-cold,315.130121,0.190057,184.335938,228.726562,0.0,,
1.0.1-cold,315.645683,0.0,184.335938,228.726562,0.0,,
1.0.1-cold,316.161907,0.189174,184.335938,228.726562,0.0,,
1.0.1-cold,316.675841,0.190017,184.335938,228.726562,0.0,,
1.0.1-cold,317.188704,0.380828,184.335938,228.726562,0.0,,
1.0.1-cold,317.705206,0.0,184.335938,228.726562,0.0,,
1.0.1-cold,318.219144,0.0,184.335938,228.726562,0.0,,
1.0.1-cold,318.731332,0.0,184.335938,228.726562,0.0,,
1.0.1-cold,319.243079,0.572487,184.335938,228.726562,0.0,,
1.0.1-cold,319.762338,0.376137,184.335938,228.726562,0.0,,
1.0.1-cold,320.282296,0.187816,184.335938,228.726562,0.0,,
1.0.1-cold,320.800718,0.188372,184.335938,228.726562,0.0,,
1.0.1-cold,321.31487,0.379873,184.335938,228.726562,0.0,,
1.0.1-cold,321.831768,0.0,184.335938,228.726562,0.0,,
1.0.1-cold,322.345198,0.0,184.335938,228.726562,0.0,,
1.0.1-cold,322.858922,0.190095,184.335938,228.726562,0.0,,
1.0.1-cold,323.371827,0.0,184.335938,228.726562,0.0,,
1.0.1-cold,323.884823,0.38073,184.335938,228.726562,0.0,,
1.0.1-cold,324.39827,0.0,184.335938,228.726562,0.0,,
1.0.1-cold,324.911722,0.0,184.335938,228.726562,0.0,,
1.0.1-cold,325.425864,0.18994,184.335938,228.726562,0.0,,
1.0.1-cold,325.936893,0.191098,184.335938,228.726562,0.0,,
1.0.1-cold,326.448821,0.0,184.335938,228.726562,0.0,,
1.0.1-cold,326.963781,0.189639,184.335938,228.726562,0.0,,
1.0.1-cold,327.475328,0.0,184.335938,228.726562,0.0,,
1.0.1-cold,327.988184,0.190417,184.335938,228.726562,0.0,,
1.0.1-cold,328.501215,0.0,184.335938,228.726562,0.0,,
1.0.1-cold,329.013149,0.0,184.335938,228.726562,0.0,,
1.0.1-cold,329.524342,0.191036,184.335938,228.726562,0.0,,
0.4.5-game,0.0,,308.539062,335.640625,,9389.949219,8017.644531
0.4.5-game,0.575534,0.339359,308.539062,335.640625,8.823321,9390.703125,8018.53125
0.4.5-game,1.103364,0.740059,308.539062,335.640625,10.915869,9390.792969,8018.871094
0.4.5-game,1.618544,0.0,308.539062,335.640625,11.563005,9391.386719,8019.1875
0.4.5-game,2.132463,1.140137,308.539062,335.640625,5.890707,9391.398438,8019.589844
0.4.5-game,2.644981,0.0,308.539062,335.640625,7.621687,9391.898438,8020.132812
0.4.5-game,3.159535,0.189788,308.539062,335.640625,7.781306,9392.375,8019.859375
0.4.5-game,3.672934,0.0,308.539062,335.640625,10.081409,9392.71875,8020.617188
0.4.5-game,4.185058,0.572066,308.539062,335.640625,8.390295,9392.71875,8020.753906
0.4.5-game,4.699585,0.189798,308.539062,335.640625,8.730711,9392.96875,8021.160156
0.4.5-game,5.215709,0.756844,308.539062,335.640625,9.838969,9393.40625,8021.753906
0.4.5-game,5.729097,0.570658,308.539062,335.640625,11.222932,9393.671875,8022.007812
0.4.5-game,6.242257,0.951518,308.539062,335.640625,11.227908,9393.960938,8022.320312
0.4.5-game,6.756992,0.569165,308.539062,335.640625,9.675799,9394.402344,8022.761719
0.4.5-game,7.269318,0.381227,308.539062,335.640625,7.433929,9394.949219,8023.257812
0.4.5-game,7.784054,0.189721,308.539062,335.640625,10.055213,9395.074219,8023.40625
0.4.5-game,8.29537,0.76396,308.539062,335.640625,9.549504,9395.386719,8023.703125
0.4.5-game,8.806443,0.191081,308.539062,335.640625,9.362962,9396.050781,8024.378906
0.4.5-game,9.32206,0.0,308.539062,335.640625,7.007683,9396.429688,8024.792969
0.4.5-game,9.837941,0.1893,308.539062,335.640625,7.193395,9397.339844,8025.097656
0.4.5-game,10.353128,0.568664,308.539062,335.640625,8.529966,9396.378906,8024.304688
0.4.5-game,10.876098,0.560202,308.539062,335.714844,6.535689,9396.792969,8024.738281
0.4.5-game,11.390087,0.379994,308.539062,335.71875,9.119849,9397.097656,8025.058594
0.4.5-game,11.902269,0.190667,308.539062,335.71875,9.724029,9397.585938,8025.566406
0.4.5-game,12.414255,0.19074,308.539062,335.71875,9.346258,9397.960938,8025.910156
0.4.5-game,12.929023,0.379418,308.539062,335.71875,12.710507,9398.320312,8026.261719
0.4.5-game,13.442613,0.190145,308.539062,335.71875,11.78897,9398.632812,8026.601562
0.4.5-game,13.955018,0.571752,308.539062,335.71875,12.006794,9398.949219,8026.96875
0.4.5-game,14.467339,0.762461,308.539062,335.71875,10.293219,9399.199219,8027.222656
0.4.5-game,14.980414,0.190335,308.539062,335.71875,8.755424,9399.449219,8027.515625
0.4.5-game,15.493522,0.951615,308.539062,335.71875,9.135502,9399.824219,8027.855469
0.4.5-game,16.006009,0.190554,308.539062,335.722656,9.337136,9399.910156,8027.964844
0.4.5-game,16.538368,0.366881,308.539062,335.730469,8.071375,9400.066406,8028.128906
0.4.5-game,17.053424,0.568809,308.539062,335.730469,10.238569,9400.441406,8028.457031
0.4.5-game,17.564705,0.57301,308.539062,335.730469,9.932166,9400.675781,8028.714844
0.4.5-game,18.081283,0.378089,308.539062,335.730469,6.994647,9400.988281,8029.050781
0.4.5-game,18.605801,0.0,308.539062,335.730469,10.240054,9402.222656,8030.269531
0.4.5-game,19.117033,0.764086,308.539062,335.730469,8.022906,9402.246094,8030.335938
0.4.5-game,19.630063,0.380704,308.539062,335.730469,7.423724,9402.386719,8030.476562
0.4.5-game,20.145944,1.1358,308.539062,335.730469,10.979404,9402.699219,8030.789062
0.4.5-game,20.670013,0.372684,308.539062,335.730469,9.130763,9403.417969,8031.496094
0.4.5-game,21.184273,0.379793,308.539062,335.730469,6.456486,9404.148438,8032.070312
0.4.5-game,21.698029,0.570249,308.539062,335.730469,7.603322,9404.058594,8032.09375
0.4.5-game,22.210946,1.142362,308.539062,335.730469,7.234961,9404.058594,8032.34375
0.4.5-game,22.724202,0.380537,308.539062,335.730469,6.659393,9404.285156,8032.621094
0.4.5-game,23.24055,0.378257,308.539062,335.730469,6.808631,9404.410156,8032.902344
0.4.5-game,23.754264,0.570296,308.539062,335.730469,6.273257,9404.660156,8033.132812
0.4.5-game,24.266153,0.190776,308.539062,335.730469,7.440265,9404.785156,8033.246094
0.4.5-game,24.783151,0.566673,308.539062,335.730469,7.933422,9405.777344,8033.554688
0.4.5-game,25.29541,0.190638,308.539062,335.730469,9.913196,9405.851562,8033.695312
0.4.5-game,25.809345,0.380033,308.539062,335.742188,8.550753,9405.851562,8033.988281
0.4.5-game,26.322235,0.571212,308.539062,335.742188,7.42575,9405.851562,8034.050781
0.4.5-game,26.837098,0.0,308.539062,335.75,4.741861,9405.976562,8034.320312
0.4.5-game,27.359352,0.18699,308.539062,335.75,7.292596,9406.453125,8034.796875
0.4.5-game,27.87216,0.761738,308.539062,335.75,8.950419,9406.515625,8035.007812
0.4.5-game,28.386518,0.949303,308.539062,335.75,7.594423,9406.890625,8035.347656
0.4.5-game,28.898066,0.0,308.539062,335.761719,8.017941,9406.890625,8035.351562
0.4.5-game,29.412184,0.379898,308.539062,335.761719,8.547713,9407.433594,8035.921875
0.4.5-game,29.925607,0.380412,308.539062,335.761719,6.657209,9407.496094,8035.980469
0.4.5-game,30.439286,0.0,308.539062,335.761719,7.224236,9408.570312,8036.453125
0.4.5-game,30.955359,0.18923,308.539062,335.761719,11.164557,9407.613281,8035.617188
0.4.5-game,31.467765,0.571751,308.507812,335.75,10.86326,9407.839844,8035.921875
0.4.5-game,31.980302,0.190535,308.578125,335.769531,8.383543,9408.027344,8036.277344
0.4.5-game,32.49237,0.0,308.578125,335.769531,6.674831,9408.644531,8036.761719
0.4.5-game,33.005657,0.570771,308.578125,335.769531,7.229764,9409.246094,8037.453125
0.4.5-game,33.520996,0.378998,308.578125,335.769531,9.664446,9409.5,8037.75
0.4.5-game,34.032646,0.0,308.578125,335.769531,6.107694,9409.585938,8037.84375
0.4.5-game,34.545425,0.571335,308.578125,335.777344,6.28468,9409.898438,8038.152344
0.4.5-game,35.063231,0.754385,308.578125,335.777344,5.469292,9410.210938,8038.457031
0.4.5-game,35.576466,0.190276,308.578125,335.777344,7.230483,9410.585938,8038.816406
0.4.5-game,36.093082,0.567092,308.578125,335.777344,8.506385,9410.960938,8039.203125
0.4.5-game,36.60854,0.189455,308.578125,335.777344,7.767669,9411.101562,8039.359375
0.4.5-game,37.120857,0.0,308.578125,335.777344,6.480973,9411.351562,8039.601562
0.4.5-game,37.647766,0.741351,308.578125,335.777344,7.59885,9411.789062,8040.007812
0.4.5-game,38.162328,0.189785,308.578125,335.777344,7.211835,9412.039062,8040.273438
0.4.5-game,38.676075,0.190086,308.578125,335.777344,7.223278,9412.875,8041.121094
0.4.5-game,39.191913,0.94658,308.578125,335.777344,7.761953,9413.1875,8041.394531
0.4.5-game,39.70521,0.951263,308.578125,335.777344,7.610106,9413.273438,8041.496094
0.4.5-game,40.218485,0.951306,308.578125,335.777344,7.420183,9413.589844,8041.921875
0.4.5-game,40.736181,0.377273,308.578125,335.78125,3.961363,9414.34375,8042.734375
0.4.5-game,41.249252,0.0,308.578125,335.78125,4.377745,9414.921875,8043.171875
0.4.5-game,41.762279,0.380706,308.578125,335.78125,5.900944,9414.773438,8043.566406
0.4.5-game,42.274113,0.381594,308.578125,335.78125,8.013464,9414.960938,8043.703125
0.4.5-game,42.785031,0.191139,308.578125,335.78125,5.925305,9415.148438,8043.929688
0.4.5-game,43.299791,0.189712,308.578125,335.78125,5.88108,9415.585938,8044.332031
0.4.5-game,43.811159,0.954852,308.578125,335.78125,8.020755,9415.972656,8044.660156
0.4.5-game,44.325769,0.948839,308.578125,335.78125,6.641873,9416.222656,8044.996094
0.4.5-game,44.839004,0.570827,308.578125,335.78125,5.898544,9416.527344,8045.320312
0.4.5-game,45.352164,0.190304,308.535156,335.753906,7.802461,9416.589844,8045.339844
0.4.5-game,45.867963,0.56799,308.503906,335.742188,5.869232,9418.070312,8046.007812
0.4.5-game,46.382193,0.189907,308.503906,335.742188,6.077038,9417.515625,8045.421875
0.4.5-game,46.893363,0.955223,308.503906,335.746094,7.259693,9417.492188,8045.855469
0.4.5-game,47.408442,0.37919,308.503906,335.746094,5.119066,9417.554688,8046.09375
0.4.5-game,47.925149,0.377994,308.503906,335.746094,5.291923,9417.859375,8046.257812
0.4.5-game,48.438128,0.571113,308.503906,335.746094,5.901501,9418.109375,8046.902344
0.4.5-game,48.963173,0.371992,308.503906,335.746094,5.765873,9418.335938,8047.128906
0.4.5-game,49.488113,0.558099,308.503906,335.746094,6.883226,9418.992188,8047.773438
0.4.5-game,49.999755,0.190868,308.503906,335.746094,5.916915,9419.304688,8048.058594
0.4.5-game,50.512285,0.952688,308.503906,335.746094,7.049891,9420.117188,8048.304688
0.4.5-game,51.026277,0.569987,308.503906,335.746094,6.269856,9420.007812,8048.183594
0.4.5-game,51.538329,0.0,308.503906,335.746094,6.865763,9419.34375,8047.683594
0.4.5-game,52.052261,0.570053,308.503906,335.746094,6.650622,9419.59375,8047.980469
0.4.5-game,52.577261,0.558036,308.503906,335.746094,5.952379,9419.859375,8048.226562
0.4.5-game,53.089794,1.333757,308.503906,335.746094,7.049861,9420.171875,8048.519531
0.4.5-game,53.603417,0.760529,308.503906,335.746094,7.415156,9420.640625,8048.984375
0.4.5-game,54.117638,0.189911,308.503906,335.746094,5.887236,9420.890625,8049.28125
0.4.5-game,54.631139,0.380355,308.503906,335.746094,6.656208,9421.539062,8049.699219
0.4.5-game,55.141608,0.573921,308.503906,335.746094,6.50444,9422.082031,8050.25
0.4.5-game,55.654174,0.0,308.503906,335.746094,6.09677,9422.492188,8050.640625
0.4.5-game,56.167608,0.190202,308.632812,335.820312,7.608082,9422.804688,8050.984375
0.4.5-game,56.679484,0.381563,308.632812,335.820312,6.868128,9423.117188,8051.472656
0.4.5-game,57.194196,0.0,308.632812,335.820312,6.450809,9423.367188,8051.761719
0.4.5-game,57.716595,0.934691,308.632812,335.820312,5.795086,9423.453125,8051.832031
0.4.5-game,58.228769,0.76268,308.632812,335.820312,6.101442,9423.996094,8052.363281
0.4.5-game,58.742368,0.190141,308.632812,335.820312,6.845079,9424.371094,8052.714844
0.4.5-game,59.255781,0.19021,308.632812,335.828125,7.608394,9424.683594,8053.066406
0.4.5-game,59.781274,0.0,308.632812,335.828125,7.247658,9424.910156,8053.273438
0.4.5-game,60.294536,0.570797,308.632812,335.828125,6.088505,9425.335938,8053.726562
0.4.5-game,60.812287,0.754465,308.632812,335.828125,6.224337,9425.6875,8054.1875
0.4.5-game,61.322336,0.0,308.632812,335.828125,5.743932,9426.386719,8054.699219
0.4.5-game,61.836772,0.189832,308.632812,335.828125,6.833942,9426.15625,8054.324219
0.4.5-game,62.348484,0.572527,308.632812,335.828125,5.534427,9426.207031,8054.613281
0.4.5-game,62.864789,0.0,308.632812,335.828125,7.754927,9426.589844,8055.230469
0.4.5-game,63.379252,0.569464,308.632812,335.835938,5.884465,9427.203125,8055.640625
0.4.5-game,63.895095,0.567942,308.632812,335.835938,6.625988,9427.285156,8055.800781
0.4.5-game,64.409231,0.379885,308.761719,335.84375,6.078154,9427.347656,8056.246094
0.4.5-game,64.923006,0.760304,308.761719,335.84375,6.082434,9427.789062,8056.652344
0.4.5-game,65.437833,0.75875,308.761719,335.84375,7.01844,9428.140625,8057.035156
0.4.5-game,65.953428,0.37881,308.761719,335.84375,7.007986,9428.515625,8057.40625
0.4.5-game,66.46474,0.954957,308.761719,335.84375,6.684699,9428.953125,8057.816406
0.4.5-game,66.979077,0.189868,308.761719,335.84375,6.835261,9428.953125,8057.847656
0.4.5-game,67.492137,0.19034,308.761719,335.84375,6.281235,9429.597656,8058.488281
0.4.5-game,68.005215,0.190334,308.761719,335.84375,5.329362,9430.207031,8058.90625
0.4.5-game,68.517351,0.381368,308.761719,335.84375,8.390105,9430.113281,8058.839844
0.4.5-game,69.029976,0.381004,308.761719,335.84375,6.858079,9429.816406,8058.128906
0.4.5-game,69.545109,0.189575,308.761719,335.84375,5.308096,9429.8125,8058.417969
0.4.5-game,70.058684,0.57045,308.761719,335.84375,6.084804,9430.164062,8058.835938
0.4.5-game,70.571262,0.190519,308.761719,335.84375,7.811299,9430.40625,8059.089844
0.4.5-game,71.086262,0.568872,308.761719,335.84375,5.878347,9430.546875,8059.414062
0.4.5-game,71.599618,0.760924,308.761719,335.84375,6.848318,9430.535156,8059.445312
0.4.5-game,72.113051,0.570607,308.761719,335.84375,4.945265,9431.199219,8060.066406
0.4.5-game,72.626116,0.190339,308.761719,335.84375,4.758469,9431.449219,8060.363281
0.4.5-game,73.140242,0.189946,308.761719,335.84375,7.40791,9431.574219,8060.453125
0.4.5-game,73.655291,0.568816,308.761719,335.84375,8.721849,9431.953125,8060.84375
0.4.5-game,74.169622,0.379741,308.761719,335.84375,7.594819,9432.492188,8061.347656
0.4.5-game,74.683842,0.569734,308.761719,335.84375,6.83681,9432.441406,8061.351562
0.4.5-game,75.196747,0.571196,308.761719,335.84375,6.283153,9432.878906,8061.746094
0.4.5-game,75.710645,0.760122,308.761719,335.84375,4.370699,9433.101562,8062.011719
0.4.5-game,76.223239,0.190514,308.761719,335.84375,6.286949,9433.539062,8061.863281
0.4.5-game,76.735209,0.572238,308.761719,335.84375,6.676114,9433.484375,8062.222656
0.4.5-game,77.248815,0.190139,308.761719,335.84375,5.51402,9433.527344,8062.246094
0.4.5-game,77.763538,0.189726,308.761719,335.84375,7.209577,9433.820312,8062.734375
0.4.5-game,78.277965,0.569505,308.761719,335.84375,7.023895,9434.132812,8063.023438
0.4.5-game,78.793116,0.379136,308.761719,335.84375,7.961865,9434.484375,8063.375
0.4.5-game,79.306087,0.571122,308.761719,335.84375,5.901593,9434.921875,8063.78125
0.4.5-game,79.819544,0.380387,308.761719,335.84375,6.086189,9435.046875,8063.960938
0.4.5-game,80.332339,1.333075,308.761719,335.84375,6.094057,9435.296875,8064.1875
0.4.5-game,80.845154,0.380863,308.761719,335.84375,5.903381,9435.628906,8064.300781
0.4.5-game,81.356699,0.572714,308.761719,335.84375,6.872568,9435.679688,8064.453125
0.4.5-game,81.869342,0.761983,308.761719,335.84375,6.476851,9435.867188,8064.796875
0.4.5-game,82.385408,0.378464,308.761719,335.84375,5.487725,9436.265625,8065.164062
0.4.5-game,82.898072,0.571463,308.761719,335.84375,5.333658,9436.71875,8065.640625
0.4.5-game,83.412214,0.379881,308.761719,335.84375,5.698208,9437.117188,8065.464844
0.4.5-game,83.925146,0.571165,308.761719,335.84375,6.66359,9437.207031,8065.890625
0.4.5-game,84.43623,0.573231,308.761719,335.84375,6.305536,9437.3125,8066.058594
0.4.5-game,84.951135,0.189659,308.761719,335.84375,6.827713,9437.515625,8066.414062
0.4.5-game,85.463542,0.571751,308.761719,335.84375,6.479839,9437.578125,8066.519531
0.4.5-game,85.975127,0.572668,308.761719,335.84375,6.299349,9437.890625,8066.828125
0.4.5-game,86.487912,1.3331,308.761719,335.84375,6.094172,9438.554688,8067.492188
0.4.5-game,87.003243,0.189502,308.761719,335.84375,6.064064,9438.617188,8067.503906
0.4.5-game,87.517151,0.57008,308.761719,335.84375,7.981125,9438.875,8067.8125
0.4.5-game,88.026365,0.575336,308.761719,335.84375,6.136914,9439.0625,8067.992188
0.4.5-game,88.539179,0.190432,308.761719,335.84375,7.045976,9439.488281,8068.378906
0.4.5-game,89.053398,0.569736,308.761719,335.84375,5.507449,9440.09375,8069.007812
0.4.5-game,89.56679,0.570653,308.761719,335.84375,5.326097,9440.09375,8069.027344
0.4.5-game,90.083381,0.378079,308.761719,335.84375,5.482146,9440.53125,8069.417969
0.4.5-game,90.597006,0.190131,308.761719,335.84375,6.84473,9440.734375,8069.046875
0.4.5-game,91.112256,0.189532,308.761719,335.84375,6.444089,9440.734375,8069.042969
0.4.5-game,91.625877,0.380266,308.761719,335.84375,5.513856,9441.023438,8069.492188
0.4.5-game,92.138736,0.952076,308.761719,335.84375,7.426195,9441.148438,8069.648438
0.4.5-game,92.653431,0.379472,308.761719,335.84375,8.15865,9441.460938,8069.957031
0.4.5-game,93.167565,0.379887,308.761719,335.84375,5.888242,9441.585938,8070.097656
0.4.5-game,93.680637,0.571009,308.761719,335.84375,7.042439,9442.105469,8070.613281
0.4.5-game,94.193405,0.380899,308.761719,335.84375,6.284826,9442.292969,8070.765625
0.4.5-game,94.70419,0.191189,308.761719,335.84375,6.88279,9442.027344,8070.527344
0.4.5-game,95.218601,0.949204,308.761719,335.84375,6.264746,9442.402344,8070.859375
0.4.5-game,95.733539,0.379294,308.761719,335.84375,8.534106,9442.472656,8071.164062
0.4.5-game,96.245612,0.381415,308.761719,335.84375,6.484053,9443.011719,8071.691406
0.4.5-game,96.757234,0.572628,308.761719,335.84375,5.726281,9443.300781,8071.953125
0.4.5-game,97.268647,0.572861,308.761719,335.84375,7.256235,9443.550781,8072.253906
0.4.5-game,97.78003,0.572895,308.761719,335.84375,5.728954,9443.804688,8072.460938
0.4.5-game,98.293361,0.570721,308.761719,335.84375,6.658416,9443.828125,8072.488281
0.4.5-game,98.804829,0.0,308.761719,335.84375,6.873592,9444.304688,8072.953125
0.4.5-game,99.316863,0.190722,308.761719,335.84375,6.103114,9444.492188,8073.160156
0.4.5-game,99.829308,0.952845,308.761719,335.84375,7.241624,9444.804688,8073.449219
0.4.5-game,100.356032,0.55621,308.761719,335.84375,6.303713,9444.929688,8073.613281
0.4.5-game,100.87123,0.379101,308.761719,335.84375,6.065621,9445.242188,8073.917969
0.4.5-game,101.386648,0.18947,308.761719,335.84375,6.441976,9445.59375,8074.292969
0.4.5-game,101.900357,0.570302,308.761719,335.84375,5.893116,9445.910156,8074.59375
0.4.5-game,102.415463,0.75834,308.761719,335.84375,7.204227,9445.707031,8074.371094
0.4.5-game,102.928757,0.761016,308.761719,335.84375,6.088129,9445.773438,8074.460938
0.4.5-game,103.442194,0.0,308.761719,335.84375,5.325621,9446.3125,8074.984375
0.4.5-game,103.953429,0.382041,308.761719,335.84375,4.775512,9446.5,8075.140625
0.4.5-game,104.465861,0.571722,308.761719,335.84375,6.47952,9446.75,8075.433594
0.4.5-game,104.978891,0.571056,308.761719,335.84375,7.61408,9446.9375,8075.585938
0.4.5-game,105.494712,1.13593,308.761719,335.84375,7.004904,9447.175781,8075.871094
0.4.5-game,106.005426,0.191215,308.761719,335.84375,7.648603,9447.65625,8076.308594
0.4.5-game,106.51885,0.190206,308.761719,335.84375,6.467008,9447.363281,8076.070312
0.4.5-game,107.030206,0.38195,308.761719,335.84375,6.493149,9447.675781,8076.382812
0.4.5-game,107.543233,0.380706,308.761719,335.84375,7.61412,9447.699219,8076.4375
0.4.5-game,108.056049,0.190432,308.761719,335.84375,5.522515,9448.238281,8076.960938
0.4.5-game,108.56991,0.570131,308.761719,335.84375,5.891358,9448.941406,8077.65625
0.4.5-game,109.087232,0.377546,308.761719,335.84375,5.85196,9449.128906,8077.859375
0.4.5-game,109.600955,0.38019,308.761719,335.84375,5.70285,9449.441406,8078.167969
0.4.5-game,110.112936,0.762967,308.761719,335.84375,4.768547,9449.566406,8078.300781
0.4.5-game,110.625,0.0,308.761719,335.84375,6.102758,9450.195312,8078.898438
0.4.5-game,111.140055,0.189604,308.761719,335.84375,6.067313,9450.539062,8079.253906
0.4.5-game,111.650205,0.382853,308.761719,335.84375,6.125648,9450.574219,8079.523438
0.4.5-game,112.175449,0.929627,308.761719,335.84375,5.577765,9450.699219,8079.855469
0.4.5-game,112.688851,0.570642,308.761719,335.84375,7.037924,9451.039062,8080.140625
0.4.5-game,113.214659,0.557178,308.761719,335.84375,5.757502,9451.351562,8080.472656
0.4.5-game,113.725657,0.573327,308.761719,335.84375,7.071028,9451.574219,8080.683594
0.4.5-game,114.23856,0.380798,308.761719,335.84375,6.092766,9452.0,8081.089844
0.4.5-game,114.753832,0.568571,308.761719,335.84375,5.496189,9452.226562,8081.40625
0.4.5-game,115.267752,0.570068,308.761719,335.84375,4.750563,9452.539062,8081.726562
0.4.5-game,115.782763,0.379239,308.761719,335.84375,5.119729,9452.976562,8082.15625
0.4.5-game,116.29544,0.380966,308.761719,335.84375,5.333528,9453.414062,8082.585938
0.4.5-game,116.809326,0.570104,308.761719,335.84375,6.651215,9453.917969,8082.472656
0.4.5-game,117.322568,0.0,308.761719,335.84375,6.088749,9453.738281,8082.691406
0.4.5-game,117.847732,0.371907,308.761719,335.84375,6.694335,9454.082031,8083.261719
0.4.5-game,118.364741,0.566661,308.761719,335.84375,6.422152,9454.519531,8083.691406
0.4.5-game,118.875906,0.382093,308.761719,335.84375,6.495585,9455.269531,8084.4375
0.4.5-game,119.388375,0.38112,308.761719,335.84375,7.81297,9455.457031,8084.609375
0.4.5-game,119.903506,0.568727,308.761719,335.84375,7.014297,9455.359375,8084.507812
0.4.5-game,120.418951,0.18946,308.761719,335.84375,8.904624,9456.542969,8085.101562
0.4.5-game,120.932746,0.0,308.761719,335.84375,7.792809,9456.089844,8084.632812
0.4.5-game,121.448289,0.0,308.761719,335.84375,8.145238,9456.308594,8085.0625
0.4.5-game,121.959761,0.381863,308.761719,335.84375,8.210058,9456.683594,8085.40625
0.4.5-game,122.47132,0.381798,308.761719,335.84375,8.781362,9457.058594,8085.796875
0.4.5-game,122.984352,0.380703,308.761719,335.84375,7.043005,9458.179688,8086.917969
0.4.5-game,123.500219,0.567915,308.761719,335.84375,7.7615,9458.179688,8086.878906
0.4.5-game,124.013462,0.380546,308.761719,335.84375,7.991463,9458.617188,8087.339844
0.4.5-game,124.525383,0.763058,308.761719,335.84375,8.775168,9459.070312,8087.777344
0.4.5-game,125.039358,0.380003,308.761719,335.84375,7.410066,9459.671875,8088.347656
0.4.5-game,125.55132,0.190749,308.761719,335.84375,7.820711,9460.023438,8088.695312
0.4.5-game,126.066299,0.379263,308.761719,335.84375,7.016373,9460.234375,8088.90625
0.4.5-game,126.579544,0.380544,308.761719,335.84375,8.181696,9460.671875,8089.363281
0.4.5-game,127.091113,0.381791,308.761719,335.84375,6.299558,9461.210938,8090.164062
0.4.5-game,127.603772,0.190489,308.761719,335.84375,7.238598,9461.652344,8090.5625
0.4.5-game,128.114621,0.573494,308.761719,335.84375,7.837751,9461.863281,8090.777344
0.4.5-game,128.630315,0.189369,308.761719,335.84375,10.036538,9462.398438,8091.328125
0.4.5-game,129.153391,0.186696,308.761719,335.84375,7.841248,9462.773438,8091.734375
0.4.5-game,129.666012,0.381007,308.761719,335.84375,9.906184,9463.035156,8091.96875
0.4.5-game,130.179504,0.0,308.761719,335.84375,7.987597,9463.476562,8092.398438
0.4.5-game,130.708206,0.184709,308.761719,335.84375,7.388371,9463.511719,8092.4375
0.4.5-game,131.225394,0.566465,308.761719,335.84375,6.419936,9463.824219,8092.796875
0.4.5-game,131.750723,0.371791,308.761719,335.84375,6.320446,9464.199219,8093.160156
0.4.5-game,132.264821,0.569869,308.761719,335.84375,7.598255,9464.738281,8093.667969
0.4.5-game,132.779138,0.569626,308.761719,335.84375,7.59502,9465.050781,8093.972656
0.4.5-game,133.293124,0.379996,308.761719,335.84375,7.02992,9465.304688,8094.277344
0.4.5-game,133.804828,0.190845,308.761719,335.84375,7.252129,9465.453125,8094.40625
0.4.5-game,134.315748,0.573414,308.761719,335.84375,6.689826,9465.765625,8094.738281
0.4.5-game,134.829604,0.190046,308.761719,335.84375,5.511336,9466.226562,8095.191406
0.4.5-game,135.354396,0.558257,308.761719,335.84375,7.25734,9466.539062,8095.476562
0.4.5-game,135.868463,0.379936,308.761719,335.84375,6.648878,9466.804688,8095.761719
0.4.5-game,136.394247,0.557203,308.761719,335.84375,6.500703,9467.183594,8096.109375
0.4.5-game,136.91235,0.565464,308.761719,335.84375,7.351037,9467.371094,8096.332031
0.4.5-game,137.426264,0.190024,308.761719,335.84375,6.080783,9467.746094,8095.421875
0.4.5-game,137.942195,0.378563,308.761719,335.84375,6.057011,9468.058594,8095.742188
0.4.5-game,138.466185,1.118222,308.761719,335.84375,7.827556,9468.433594,8095.042969
0.4.5-game,138.978615,0.571725,308.761719,335.84375,4.954946,9469.300781,8095.890625
0.4.5-game,139.4925,0.570107,308.761719,335.84375,6.271172,9469.566406,8091.097656
0.4.5-game,140.01882,0.185545,308.761719,335.84375,4.081997,9469.816406,8091.328125
0.4.5-game,140.532582,0.0,308.761719,335.84375,6.842898,9470.238281,8091.734375
0.4.5-game,141.045581,0.571091,308.761719,335.84375,5.139817,9471.164062,8092.335938
0.4.5-game,141.557493,0.381535,308.761719,335.84375,5.53226,9471.0,8092.230469
0.4.5-game,142.071343,0.380097,308.761719,335.84375,6.081545,9471.226562,8092.960938
0.4.5-game,142.586622,0.758085,308.761719,335.84375,5.685636,9471.152344,8092.886719
0.4.5-game,143.099936,0.0,308.761719,335.84375,4.756163,9471.527344,8093.246094
0.4.5-game,143.612378,0.19057,308.761719,335.84375,6.669958,9471.589844,8093.335938
0.4.5-game,144.125718,0.570711,308.761719,335.84375,4.94616,9472.066406,8093.777344
0.4.5-game,144.637931,0.381311,308.859375,336.128906,5.910321,9472.382812,8094.078125
0.4.5-game,145.152277,0.569595,308.859375,336.140625,5.885818,9472.382812,8093.730469
0.4.5-game,145.667423,0.56871,308.859375,336.140625,6.634946,9473.425781,8093.808594
0.4.5-game,146.182739,0.568523,308.859375,336.140625,5.49572,9473.480469,8090.75
0.4.5-game,146.696594,0.380092,308.859375,336.140625,6.461572,9473.441406,8090.988281
0.4.5-game,147.208315,0.381678,308.828125,336.125,4.389295,9473.441406,8091.027344
0.4.5-game,147.720245,0.381522,308.828125,336.125,6.104348,9473.53125,8091.175781
0.4.5-game,148.233952,1.140606,308.828125,336.125,5.132729,9473.824219,8091.492188
0.4.5-game,148.747395,0.190199,308.828125,336.125,7.037366,9474.097656,8091.769531
0.4.5-game,149.259492,0.762795,308.828125,336.125,5.72096,9474.675781,8091.289062
0.4.5-game,149.773939,0.379655,308.828125,336.125,5.315172,9474.554688,8091.203125
1.0.1-game,0.0,,273.933594,351.566406,,9406.199219,8050.675781
1.0.1-game,0.567379,0.344236,273.933594,351.566406,9.638616,9406.785156,8051.074219
1.0.1-game,1.094051,0.370843,273.933594,351.613281,6.860594,9407.449219,8051.742188
1.0.1-game,1.609529,1.136687,274.714844,351.617188,5.683437,9407.953125,8052.210938
1.0.1-game,2.123225,0.760421,274.714844,351.617188,9.885473,9408.328125,8052.714844
1.0.1-game,2.649604,0.742099,274.714844,351.617188,5.380214,9408.703125,8053.140625
1.0.1-game,3.166023,0.378205,274.714844,351.617188,8.698719,9408.90625,8053.265625
1.0.1-game,3.678426,0.762339,274.714844,351.617188,5.908128,9409.734375,8054.09375
1.0.1-game,4.190664,0.953232,274.714844,351.617188,4.766159,9410.976562,8054.804688
1.0.1-game,4.705176,0.189804,274.714844,351.617188,6.073715,9410.851562,8055.023438
1.0.1-game,5.217512,0.762439,274.714844,351.617188,7.24317,9410.976562,8055.457031
1.0.1-game,5.732615,0.0,274.714844,351.617188,5.497994,9411.449219,8056.257812
1.0.1-game,6.247386,0.569124,274.714844,351.617188,8.347147,9411.574219,8056.464844
1.0.1-game,6.761756,0.569568,274.714844,351.617188,4.556545,9411.523438,8056.453125
1.0.1-game,7.275492,0.380181,274.714844,351.617188,6.082892,9411.898438,8056.789062
1.0.1-game,7.789432,0.38003,274.714844,351.617188,9.880782,9412.488281,8057.171875
1.0.1-game,8.303693,0.569689,274.714844,351.617188,5.317093,9414.027344,8058.074219
1.0.1-game,8.830773,0.370556,274.714844,351.617188,6.114173,9412.902344,8057.136719
1.0.1-game,9.345078,0.37976,274.714844,351.617188,5.126764,9412.84375,8057.242188
1.0.1-game,9.856418,0.381962,274.714844,351.617188,5.920409,9412.984375,8057.675781
1.0.1-game,10.368242,1.144803,274.714844,351.617188,9.158422,9413.359375,8058.257812
1.0.1-game,10.879603,0.381947,274.714844,351.617188,6.875038,9413.652344,8058.601562
1.0.1-game,11.392667,0.571018,274.714844,351.617188,8.945943,9414.304688,8059.042969
1.0.1-game,11.905965,0.761011,274.714844,351.617188,8.561371,9414.5,8059.285156
1.0.1-game,12.417968,0.381467,274.714844,351.617188,5.912741,9414.5625,8059.472656
1.0.1-game,12.933046,0.758381,274.714844,351.617188,4.73988,9414.523438,8059.417969
1.0.1-game,13.444919,0.381565,274.714844,351.617188,7.440508,9415.0625,8060.0
1.0.1-game,13.962506,0.188676,274.714844,351.617188,12.263934,9416.058594,8060.589844
1.0.1-game,14.47565,0.951548,274.714844,351.617188,11.228264,9416.207031,8060.050781
1.0.1-game,14.988537,0.76162,274.714844,351.617188,11.99552,9416.09375,8060.367188
1.0.1-game,15.501716,0.380593,274.714844,351.617188,4.567119,9416.320312,8060.742188
1.0.1-game,16.03133,0.553175,274.714844,351.617188,4.609789,9416.320312,8060.960938
1.0.1-game,16.545099,0.190078,274.714844,351.617188,6.842805,9416.632812,8061.539062
1.0.1-game,17.057569,0.19056,274.714844,351.617188,5.907365,9416.933594,8061.855469
1.0.1-game,17.568552,0.382229,274.714844,351.617188,6.880116,9417.121094,8061.953125
1.0.1-game,18.082789,0.189905,274.714844,351.617188,6.836582,9417.535156,8062.46875
1.0.1-game,18.596412,0.380264,274.714844,351.617188,8.55595,9417.910156,8062.820312
1.0.1-game,19.110616,0.569752,274.714844,351.617188,8.356367,9418.035156,8062.933594
1.0.1-game,19.621793,0.573125,274.714844,351.617188,8.405833,9418.285156,8063.179688
1.0.1-game,20.133615,0.763206,274.714844,351.617188,7.250458,9418.632812,8063.578125
1.0.1-game,20.658233,0.0,274.714844,351.617188,8.190469,9418.882812,8063.804688
1.0.1-game,21.17244,0.379833,274.714844,351.617188,7.026911,9419.097656,8064.023438
1.0.1-game,21.687499,0.379204,274.714844,351.617188,7.394473,9419.484375,8063.703125
1.0.1-game,22.204923,0.377471,274.714844,351.617188,4.907119,9419.75,8064.359375
1.0.1-game,22.715462,0.573843,274.714844,351.617188,5.355868,9419.75,8064.421875
1.0.1-game,23.229332,0.0,274.714844,351.617188,6.461376,9420.328125,8065.160156
1.0.1-game,23.742366,0.0,274.714844,351.617188,6.091225,9421.136719,8065.769531
1.0.1-game,24.254389,0.190726,274.714844,351.617188,9.536311,9421.132812,8066.054688
1.0.1-game,24.767651,0.190266,274.714844,351.617188,7.039841,9421.9375,8066.539062
1.0.1-game,25.279616,0.190748,274.714844,351.617188,8.583654,9421.863281,8066.832031
1.0.1-game,25.791558,0.381513,274.714844,351.617188,6.67647,9422.113281,8067.089844
1.0.1-game,26.305019,0.380385,274.714844,351.617188,7.607692,9422.242188,8067.210938
1.0.1-game,26.817051,0.572168,274.714844,351.617188,5.340238,9422.863281,8067.828125
1.0.1-game,27.32807,0.382202,274.714844,351.617188,5.924131,9423.207031,8068.203125
1.0.1-game,27.842509,0.569492,274.714844,351.617188,7.783052,9423.332031,8068.296875
1.0.1-game,28.368641,0.371224,274.714844,351.617188,8.538144,9423.707031,8068.671875
1.0.1-game,28.881538,0.190401,274.714844,351.617188,7.235248,9423.4375,8067.8125
1.0.1-game,29.395288,0.38017,274.714844,351.617188,10.454671,9423.429688,8068.25
1.0.1-game,29.910668,0.189484,274.714844,351.617188,5.874008,9423.394531,8068.378906
1.0.1-game,30.422517,0.190791,274.714844,351.617188,6.677695,9423.582031,8068.570312
1.0.1-game,30.93537,0.571253,274.714844,351.617188,8.949632,9423.910156,8068.894531
1.0.1-game,31.449674,0.18988,274.714844,351.617188,6.455926,9424.097656,8069.078125
1.0.1-game,31.963227,0.380316,274.714844,351.617188,6.655529,9424.222656,8069.222656
1.0.1-game,32.479671,0.756375,274.714844,351.617188,9.643781,9424.824219,8069.8125
1.0.1-game,32.991,0.0,274.714844,351.617188,6.111526,9425.332031,8070.296875
1.0.1-game,33.502414,0.381906,274.714844,351.617188,12.030053,9425.394531,8070.363281
1.0.1-game,34.014029,0.381757,274.714844,351.621094,8.207776,9426.398438,8070.980469
1.0.1-game,34.526602,0.762087,274.714844,351.621094,10.288171,9426.933594,8071.605469
1.0.1-game,35.04156,0.568917,274.714844,351.621094,7.016647,9426.859375,8071.695312
1.0.1-game,35.553493,0.38152,274.714844,351.621094,7.058118,9427.15625,8072.085938
1.0.1-game,36.065836,0.0,274.714844,351.308594,4.574577,9427.351562,8071.585938
1.0.1-game,36.580554,0.379455,274.714844,351.316406,3.60482,9427.515625,8072.039062
1.0.1-game,37.106839,0.185558,274.714844,350.660156,12.989051,9427.640625,8072.390625
1.0.1-game,37.61826,0.572853,274.714844,350.660156,10.311347,9427.890625,8072.660156
1.0.1-game,38.129148,0.0,274.714844,350.027344,6.307944,9427.953125,8072.992188
1.0.1-game,38.642375,0.0,274.714844,350.027344,7.801444,9428.554688,8073.574219
1.0.1-game,39.156475,0.379911,274.714844,349.386719,10.067647,9429.015625,8074.019531
1.0.1-game,39.670522,0.759902,274.714844,349.386719,11.5885,9429.328125,8074.347656
1.0.1-game,40.182525,0.572201,274.714844,348.71875,8.010811,9429.390625,8074.414062
1.0.1-game,40.694241,0.763364,274.714844,348.71875,8.206159,9429.929688,8075.089844
1.0.1-game,41.20604,0.381619,274.714844,348.054688,7.250763,9430.1875,8075.332031
1.0.1-game,41.717585,0.763618,274.714844,348.054688,10.308842,9430.566406,8075.6875
1.0.1-game,42.22973,0.190681,274.714844,347.90625,10.106088,9430.746094,8075.882812
1.0.1-game,42.743569,0.190052,274.714844,347.90625,9.882722,9430.496094,8075.097656
1.0.1-game,43.256957,0.380438,274.714844,347.90625,10.081615,9430.386719,8075.332031
1.0.1-game,43.768955,0.0,274.714844,347.90625,12.016346,9431.203125,8075.941406
1.0.1-game,44.281481,0.571617,274.714844,347.90625,10.289104,9431.441406,8076.09375
1.0.1-game,44.794551,0.0,274.714844,347.90625,10.278213,9431.351562,8076.199219
1.0.1-game,45.307866,0.380492,274.714844,347.90625,10.273297,9431.957031,8076.804688
1.0.1-game,45.822818,0.948208,274.714844,347.90625,5.120323,9431.589844,8076.46875
1.0.1-game,46.335827,0.571078,274.714844,347.90625,7.0433,9431.910156,8076.816406
1.0.1-game,46.850515,0.379478,274.714844,347.90625,10.056165,9432.285156,8077.222656
1.0.1-game,47.36361,0.570983,274.714844,347.90625,9.516385,9432.824219,8077.734375
1.0.1-game,47.876537,0.0,274.714844,347.90625,5.521312,9433.117188,8078.066406
1.0.1-game,48.389548,0.380718,274.714844,347.570312,7.233647,9433.492188,8078.4375
1.0.1-game,48.902169,0.571511,274.714844,347.570312,5.524609,9433.746094,8078.640625
1.0.1-game,49.428171,0.371315,274.714844,346.976562,10.95379,9434.351562,8079.246094
1.0.1-game,49.939631,0.190936,274.714844,346.976562,7.637447,9434.773438,8079.644531
1.0.1-game,50.453337,0.380203,274.714844,346.976562,10.075374,9435.148438,8080.007812
1.0.1-game,50.964142,0.191181,274.578125,346.648438,9.367882,9435.585938,8080.542969
1.0.1-game,51.479606,0.189453,274.578125,346.648438,11.367188,9435.425781,8080.363281
1.0.1-game,51.99158,0.190744,274.578125,345.988281,8.583498,9436.019531,8080.929688
1.0.1-game,52.506054,0.379636,274.578125,345.988281,11.958519,9436.394531,8081.34375
1.0.1-game,53.019926,0.38008,274.578125,345.355469,8.741846,9436.769531,8081.695312
1.0.1-game,53.532672,0.380914,274.578125,345.355469,8.761033,9437.308594,8082.289062
1.0.1-game,54.046174,0.190177,274.578125,344.695312,13.882913,9437.949219,8082.761719
1.0.1-game,54.559629,1.141166,274.476562,344.710938,7.988164,9437.621094,8082.648438
1.0.1-game,55.072989,0.190229,274.476562,344.058594,8.750555,9437.996094,8083.035156
1.0.1-game,55.587562,0.948906,274.476562,344.058594,11.76644,9438.3125,8083.339844
1.0.1-game,56.101795,0.569719,274.476562,343.402344,6.077007,9438.648438,8083.671875
1.0.1-game,56.616633,0.56905,274.476562,343.402344,5.121454,9438.960938,8083.96875
1.0.1-game,57.130608,0.0,274.476562,342.75,3.800043,9439.980469,8084.921875
1.0.1-game,57.65647,0.371414,274.476562,342.753906,9.842476,9440.054688,8085.101562
1.0.1-game,58.167714,0.382034,274.476562,342.195312,10.314911,9440.261719,8085.304688
1.0.1-game,58.679665,0.190753,274.476562,342.195312,3.624308,9440.738281,8085.820312
1.0.1-game,59.192536,0.380822,274.476562,342.195312,6.66438,9441.101562,8086.1875
1.0.1-game,59.706074,0.570491,274.476562,342.195312,10.268844,9441.476562,8086.546875
1.0.1-game,60.217217,0.0,274.476562,342.195312,8.788504,9441.5,8086.578125
1.0.1-game,60.729608,0.19059,274.476562,342.195312,9.529475,9442.101562,8087.152344
1.0.1-game,61.240634,0.0,274.476562,341.976562,0.191098,9442.933594,8087.988281
1.0.1-game,61.754173,0.190163,274.476562,341.976562,6.465555,9443.308594,8088.371094
1.0.1-game,62.268792,0.948821,274.476562,341.519531,8.539388,9443.621094,8088.671875
1.0.1-game,62.78317,0.569559,274.476562,341.519531,4.366618,9443.378906,8088.417969
1.0.1-game,63.294311,0.191056,274.476562,340.882812,8.788555,9443.691406,8088.773438
1.0.1-game,63.807115,0.190436,274.476562,340.882812,6.284375,9444.292969,8089.347656
1.0.1-game,64.319565,0.381135,274.476562,340.742188,10.290652,9444.734375,8089.816406
1.0.1-game,64.835674,0.567649,274.476562,340.742188,6.811787,9445.71875,8090.65625
1.0.1-game,65.347678,0.190733,274.476562,340.742188,11.06254,9445.492188,8090.699219
1.0.1-game,65.859987,0.571859,274.476562,340.742188,3.812392,9445.53125,8090.910156
1.0.1-game,66.371975,0.381479,274.476562,340.445312,12.398062,9445.6875,8091.179688
1.0.1-game,66.883657,0.190853,274.476562,340.445312,5.725595,9446.289062,8091.765625
1.0.1-game,67.409512,0.742838,274.476562,340.046875,4.642737,9446.539062,8092.023438
1.0.1-game,67.922723,0.951425,274.476562,340.046875,9.133676,9447.105469,8092.5
1.0.1-game,68.43614,0.190209,274.476562,339.414062,9.890847,9447.660156,8092.335938
1.0.1-game,68.949647,0.570525,274.476562,339.417969,7.797173,9447.898438,8092.921875
1.0.1-game,69.46342,0.570231,274.476562,338.792969,9.883995,9447.898438,8093.171875
1.0.1-game,69.978647,0.37908,274.476562,338.175781,10.424699,9447.960938,8093.230469
1.0.1-game,70.503204,0.372338,274.476562,338.175781,9.494624,9448.335938,8093.589844
1.0.1-game,71.026883,0.372962,274.476562,337.554688,9.32406,9449.058594,8094.410156
1.0.1-game,71.540375,0.570541,274.476562,337.554688,10.079562,9449.121094,8094.714844
1.0.1-game,72.065565,0.185945,274.476562,336.9375,10.598847,9449.359375,8094.941406
1.0.1-game,72.576273,0.764869,274.476562,336.9375,8.987214,9449.859375,8095.425781
1.0.1-game,73.088285,0.381461,274.476562,336.304688,8.773612,9449.945312,8095.515625
1.0.1-game,73.601026,0.571378,274.476562,336.304688,9.903877,9450.421875,8095.976562
1.0.1-game,74.124588,0.373046,274.476562,335.671875,8.02048,9449.0625,8094.046875
1.0.1-game,74.638997,0.569525,274.476562,335.671875,12.719383,9449.0625,8094.1875
1.0.1-game,75.154256,0.379057,274.476562,335.140625,14.972761,9449.375,8094.578125
1.0.1-game,75.666418,0.0,274.476562,335.140625,11.440456,9449.726562,8094.910156
1.0.1-game,76.180654,0.379811,274.476562,335.140625,13.863108,9450.816406,8095.960938
1.0.1-game,76.69459,0.190017,274.476562,335.140625,9.310809,9451.402344,8096.519531
1.0.1-game,77.20646,0.190783,274.476562,335.003906,4.006445,9451.714844,8096.8125
1.0.1-game,77.72139,0.568949,274.476562,335.003906,12.896168,9452.035156,8097.125
1.0.1-game,78.232056,0.382467,274.476562,334.605469,12.430167,9452.511719,8097.648438
1.0.1-game,78.742569,0.191291,274.476562,334.605469,8.034203,9452.710938,8097.867188
1.0.1-game,79.25612,0.0,274.476562,334.183594,8.7473,9453.035156,8098.1875
1.0.1-game,79.770683,0.189785,274.476562,334.183594,5.693541,9453.0,8098.066406
1.0.1-game,80.283422,0.38092,274.476562,333.90625,7.427949,9453.375,8098.4375
1.0.1-game,80.796709,0.190256,274.476562,333.90625,12.937438,9453.804688,8098.835938
1.0.1-game,81.309645,0.571161,274.476562,333.90625,14.850177,9454.054688,8099.25
1.0.1-game,81.823488,0.570151,274.476562,333.90625,15.584141,9454.347656,8099.496094
1.0.1-game,82.340334,0.377894,274.476562,333.90625,13.415226,9454.75,8099.789062
1.0.1-game,82.852666,0.190611,274.476562,333.90625,12.580329,9455.386719,8100.40625
1.0.1-game,83.365405,0.57138,274.476562,333.90625,11.808518,9455.761719,8100.804688
1.0.1-game,83.876922,0.0,274.476562,333.90625,12.409485,9456.3125,8101.355469
1.0.1-game,84.390589,0.380232,274.476562,333.90625,8.935448,9456.929688,8101.914062
1.0.1-game,84.903844,0.570805,274.476562,333.90625,17.50469,9456.703125,8101.800781
1.0.1-game,85.416725,0.380814,274.476562,333.90625,6.473841,9457.203125,8102.472656
1.0.1-game,85.928399,0.381713,274.476562,333.90625,7.252543,9457.335938,8102.921875
1.0.1-game,86.441942,0.760648,274.476562,333.90625,13.501502,9457.398438,8102.996094
1.0.1-game,86.953368,0.381897,274.476562,333.90625,11.647869,9457.585938,8103.21875
1.0.1-game,87.466106,0.761841,274.476562,333.90625,3.428286,9458.148438,8103.027344
1.0.1-game,87.979745,0.570379,274.476562,333.90625,11.407588,9458.34375,8103.292969
1.0.1-game,88.491996,0.190641,274.476562,333.90625,13.344904,9458.34375,8103.519531
1.0.1-game,89.005355,0.19023,274.476562,333.90625,7.609197,9458.738281,8103.957031
1.0.1-game,89.517449,1.334897,274.476562,333.90625,12.204776,9458.914062,8104.265625
1.0.1-game,90.028376,0.764541,274.476562,333.90625,6.689736,9458.976562,8104.433594
1.0.1-game,90.552761,0.37246,274.476562,333.90625,15.829558,9459.289062,8104.933594
1.0.1-game,91.064155,0.381922,274.476562,333.90625,10.884768,9459.414062,8105.023438
1.0.1-game,91.578456,0.569645,274.476562,333.90625,13.861366,9459.890625,8105.503906
1.0.1-game,92.093106,0.379506,274.476562,333.90625,14.231464,9460.105469,8105.746094
1.0.1-game,92.608888,0.757345,274.476562,333.90625,8.709466,9460.105469,8105.75
1.0.1-game,93.121554,0.190487,274.476562,333.90625,6.28607,9459.964844,8105.613281
1.0.1-game,93.63144,0.0,274.476562,333.90625,0.383051,9460.277344,8105.925781
1.0.1-game,94.145112,0.190114,274.476562,333.90625,4.372619,9460.550781,8106.199219
1.0.1-game,94.659594,0.569445,274.476562,333.90625,10.060193,9460.617188,8105.441406
1.0.1-game,95.172044,0.0,274.476562,333.90625,7.813252,9460.617188,8105.601562
1.0.1-game,95.687833,0.0,274.476562,333.90625,10.981366,9460.617188,8105.699219
1.0.1-game,96.199825,0.0,274.476562,333.90625,10.872051,9460.617188,8106.011719
1.0.1-game,96.717258,0.188732,274.476562,333.90625,16.042228,9460.84375,8106.238281
1.0.1-game,97.229851,0.762057,274.476562,333.90625,12.954964,9461.09375,8106.765625
1.0.1-game,97.743796,0.950066,274.476562,333.90625,13.680957,9461.21875,8106.894531
1.0.1-game,98.253014,0.383553,274.476562,333.90625,7.862842,9461.703125,8107.328125
1.0.1-game,98.76508,0.381421,274.476562,333.90625,10.298361,9462.015625,8107.648438
1.0.1-game,99.278804,0.570284,274.476562,333.90625,6.653316,9462.078125,8107.71875
1.0.1-game,99.794747,0.946386,274.476562,333.90625,11.54591,9462.558594,8108.222656
1.0.1-game,100.307315,0.571571,274.476562,333.90625,8.573561,9462.558594,8108.222656
1.0.1-game,100.831915,0.372307,274.476562,333.90625,12.286142,9462.933594,8108.558594
1.0.1-game,101.345078,0.0,274.476562,333.90625,8.753928,9462.933594,8108.601562
1.0.1-game,101.855404,0.382721,274.476562,333.90625,8.228491,9463.152344,8108.824219
1.0.1-game,102.366404,0.573325,274.476562,333.90625,8.217656,9463.78125,8109.25
1.0.1-game,102.879659,0.570805,274.476562,333.90625,9.513419,9464.21875,8109.070312
1.0.1-game,103.395008,0.0,274.476562,333.28125,7.769313,9464.21875,8109.085938
1.0.1-game,103.906941,0.57228,274.476562,333.28125,11.827114,9464.773438,8109.578125
1.0.1-game,104.422041,0.947934,274.476562,332.660156,8.720992,9464.820312,8109.640625
1.0.1-game,104.933663,0.190876,274.476562,332.660156,11.834317,9464.890625,8109.839844
1.0.1-game,105.448533,0.379343,274.476562,332.039062,14.984062,9464.953125,8110.179688
1.0.1-game,105.962029,0.190179,274.476562,331.445312,10.269672,9465.265625,8110.53125
1.0.1-game,106.475744,0.0,274.476562,331.445312,11.405891,9465.640625,8110.871094
1.0.1-game,106.98842,0.57145,274.476562,330.941406,9.143196,9465.796875,8111.117188
1.0.1-game,107.500003,0.572671,274.476562,330.941406,16.034791,9466.109375,8111.460938
1.0.1-game,108.013387,0.570662,274.476562,330.816406,14.076327,9466.484375,8111.792969
1.0.1-game,108.525681,0.190625,274.476562,330.816406,3.050006,9466.796875,8112.140625
1.0.1-game,109.038204,0.762161,274.476562,330.496094,6.478368,9466.992188,8112.351562
1.0.1-game,109.563194,0.558046,274.476562,330.496094,10.23084,9466.953125,8112.304688
1.0.1-game,110.077116,0.380043,274.476562,329.910156,0.570065,9467.390625,8112.746094
1.0.1-game,110.600809,0.372952,274.476562,329.910156,12.120945,9467.765625,8113.089844
1.0.1-game,111.112713,0.572312,274.476562,329.296875,14.68935,9467.839844,8113.179688
1.0.1-game,111.624515,0.381617,274.476562,329.296875,12.402562,9468.214844,8113.542969
1.0.1-game,112.137325,0.380867,274.476562,328.691406,15.044251,9468.527344,8113.878906
1.0.1-game,112.651701,0.379707,274.476562,328.691406,15.188294,9469.15625,8114.488281
1.0.1-game,113.162426,0.191211,274.476562,328.082031,4.397857,9469.789062,8115.148438
1.0.1-game,113.67453,0.95348,274.476562,328.082031,9.725495,9470.574219,8115.9375
1.0.1-game,114.189918,0.947406,274.476562,327.476562,3.979105,9471.265625,8116.523438
1.0.1-game,114.701474,0.381801,274.476562,327.476562,14.126639,9471.273438,8116.9375
1.0.1-game,115.212562,0.7643,274.476562,326.871094,4.012576,9471.957031,8117.035156
1.0.1-game,115.724659,0.190699,274.476562,326.871094,5.911667,9471.921875,8117.421875
1.0.1-game,116.238592,0.950086,274.445312,326.71875,13.681239,9471.984375,8117.742188
1.0.1-game,116.749248,0.382474,274.445312,326.71875,10.518042,9472.046875,8117.808594
1.0.1-game,117.274004,0.558295,274.445312,326.65625,9.491011,9472.546875,8118.304688
1.0.1-game,117.786462,0.0,274.445312,326.65625,9.337648,9472.921875,8118.679688
1.0.1-game,118.311871,0.743468,274.445312,326.058594,10.966157,9473.203125,8118.355469
1.0.1-game,118.823868,0.762945,274.445312,326.058594,13.160793,9473.164062,8118.757812
1.0.1-game,119.336611,0.190458,274.445312,325.46875,10.094297,9472.964844,8118.585938
1.0.1-game,119.851436,0.0,274.445312,325.46875,7.208149,9473.152344,8118.910156
1.0.1-game,120.367314,0.946507,274.445312,325.074219,6.625547,9473.527344,8119.28125
1.0.1-game,120.878976,0.763442,274.445312,325.074219,12.215078,9473.878906,8119.570312
1.0.1-game,121.402697,0.186466,274.445312,324.589844,10.069179,9474.121094,8119.878906
1.0.1-game,121.913769,0.382162,274.445312,324.589844,10.700547,9474.496094,8120.246094
1.0.1-game,122.427882,0.569853,274.445312,324.589844,11.587001,9474.496094,8120.277344
1.0.1-game,122.940002,0.19069,274.445312,324.589844,13.157627,9474.847656,8120.597656
1.0.1-game,123.454517,0.379605,274.445312,324.515625,8.541121,9475.453125,8121.3125
1.0.1-game,123.967675,0.761218,274.445312,324.082031,11.418265,9475.964844,8121.808594
1.0.1-game,124.483186,0.378871,274.445312,324.082031,8.145734,9476.320312,8122.039062
1.0.1-game,124.996059,1.142463,274.445312,324.082031,15.804071,9477.027344,8122.511719
1.0.1-game,125.50968,0.0,274.445312,324.082031,14.64023,9477.183594,8122.214844
1.0.1-game,126.023725,0.0,274.445312,323.613281,10.068722,9477.269531,8122.75
1.0.1-game,126.536892,0.380602,274.445312,323.613281,7.041141,9477.503906,8123.167969
1.0.1-game,127.052684,0.757331,274.445312,323.019531,15.714623,9477.738281,8123.496094
1.0.1-game,127.577187,0.558564,274.445312,323.019531,15.825988,9477.863281,8123.714844
1.0.1-game,128.090983,0.380136,274.445312,322.429688,6.652377,9478.730469,8124.625
1.0.1-game,128.605058,0.189965,274.445312,322.429688,2.089616,9479.167969,8125.039062
1.0.1-game,129.117826,0.190449,274.445312,321.84375,8.189318,9479.605469,8125.449219
1.0.1-game,129.633412,0.568225,274.445312,321.84375,9.849232,9479.984375,8125.859375
1.0.1-game,130.146104,0.190477,274.445312,321.394531,9.71435,9480.507812,8126.382812
1.0.1-game,130.659716,0.380273,274.445312,321.394531,7.035043,9480.695312,8126.578125
1.0.1-game,131.170709,0.19111,274.445312,321.394531,16.626602,9480.945312,8126.820312
1.0.1-game,131.68344,0.761852,274.445312,321.394531,9.142226,9481.453125,8126.703125
1.0.1-game,132.198336,0.379325,274.445312,321.277344,8.155479,9481.652344,8127.117188
1.0.1-game,132.711757,0.190207,274.445312,321.277344,10.841782,9481.714844,8127.359375
1.0.1-game,133.226203,0.379656,274.445312,321.277344,11.199854,9481.777344,8127.589844
1.0.1-game,133.736871,0.382465,274.445312,321.277344,11.282718,9482.421875,8128.253906
1.0.1-game,134.245488,0.576011,274.445312,320.714844,13.632255,9482.96875,8128.605469
1.0.1-game,134.756339,0.573491,274.445312,320.714844,11.46982,9483.335938,8129.199219
1.0.1-game,135.270778,0.189831,274.445312,320.210938,9.491536,9483.527344,8129.101562
1.0.1-game,135.785922,0.379141,274.445312,320.210938,8.530683,9483.386719,8129.277344
1.0.1-game,136.298096,0.38134,274.445312,320.066406,12.012216,9483.761719,8129.625
1.0.1-game,136.810723,0.381003,274.445312,320.066406,8.001063,9484.082031,8129.960938
1.0.1-game,137.324158,0.380403,274.445312,320.066406,9.700287,9484.332031,8130.175781
1.0.1-game,137.836454,0.381249,274.445312,320.066406,9.912482,9484.769531,8130.65625
1.0.1-game,138.34849,0.381443,274.445312,320.066406,13.350512,9485.019531,8130.90625
1.0.1-game,138.862958,0.37964,274.445312,320.066406,6.643693,9485.027344,8130.277344
1.0.1-game,139.375692,0.190462,274.445312,320.066406,14.665549,9485.113281,8130.734375
1.0.1-game,139.888932,0.380548,274.445312,320.066406,6.469319,9485.175781,8131.054688
1.0.1-game,140.402887,0.570028,274.445312,320.066406,11.210555,9485.300781,8131.15625
1.0.1-game,140.926435,0.74611,274.445312,320.066406,7.088049,9485.550781,8131.414062
1.0.1-game,141.440727,0.189885,274.445312,320.066406,11.393092,9486.152344,8131.992188
1.0.1-game,141.955996,0.37905,274.445312,320.066406,7.012423,9486.339844,8132.222656
1.0.1-game,142.483001,0.741217,274.445312,320.066406,8.338696,9486.464844,8132.347656
1.0.1-game,143.008319,0.185899,274.445312,320.066406,9.480859,9486.902344,8132.765625
1.0.1-game,143.522165,0.570149,274.445312,320.066406,8.742279,9487.503906,8133.347656
1.0.1-game,144.038392,0.189173,274.445312,320.066406,13.431304,9487.863281,8132.929688
1.0.1-game,144.552114,0.950477,274.445312,320.066406,11.025529,9487.953125,8133.019531
1.0.1-game,145.067451,0.379,274.445312,320.066406,11.748996,9488.140625,8133.367188
1.0.1-game,145.581536,0.379922,274.445312,320.066406,14.626999,9488.617188,8133.890625
1.0.1-game,146.096435,0.568983,274.445312,320.066406,12.707283,9489.109375,8134.390625
1.0.1-game,146.60896,0.571619,274.445312,320.066406,12.003999,9489.421875,8134.683594
1.0.1-game,147.122491,0.190166,274.445312,320.066406,7.606655,9489.554688,8134.90625
1.0.1-game,147.633196,0.191218,274.445312,320.066406,11.855527,9490.097656,8135.453125
1.0.1-game,148.145271,0.381414,274.445312,320.066406,13.730904,9490.019531,8135.363281
1.0.1-game,148.669897,0.558434,274.445312,320.066406,10.610249,9490.332031,8135.675781
1.0.1-game,149.183654,0.0,274.445312,320.066406,11.214858,9490.738281,8136.074219
1.0.1-game,149.695203,0.57271,274.445312,320.066406,10.308771,9491.050781,8136.40625
